week,year,Pos,Team,H.A,Oppt,FPTS,Salary,player,away_score,home_score,total,spread_line,total_line,result
1,2021,QB,ARI,a,TEN,34.56,8400,Kyler Murray,38,13,51,2.5,54,win
1,2021,QB,KC,h,CLE,33.28,8800,Patrick Mahomes,29,33,62,5.5,54.5,win
1,2021,QB,DET,h,SF,29.92,6500,Jared Goff,41,33,74,-9.5,46,loss
1,2021,QB,NO,h,GB,29.62,6700,Jameis Winston,3,38,41,-4,49,win
1,2021,QB,TB,h,DAL,29.16,7800,Tom Brady,29,31,60,10,52.5,win
1,2021,QB,PHI,a,ATL,28.76,7600,Jalen Hurts,32,6,38,3.5,49,win
1,2021,QB,DAL,a,TB,28.42,7600,Dak Prescott,29,31,60,10,52.5,loss
1,2021,QB,SEA,a,IND,27.06,7800,Russell Wilson,28,16,44,-3,49,win
1,2021,QB,LV,h,BAL,25,6700,Derek Carr,27,33,60,-3,50.5,win
1,2021,QB,LA,h,CHI,24.34,7400,Matthew Stafford,14,34,48,9.5,46,win
1,2021,QB,HOU,h,JAX,23.64,6800,Tyrod Taylor,21,37,58,-3.5,45.5,win
1,2021,QB,JAX,a,HOU,22.08,6800,Trevor Lawrence,21,37,58,-3.5,45.5,loss
1,2021,QB,MIN,a,CIN,22.04,7200,Kirk Cousins,24,27,51,-3,47,loss
1,2021,QB,NYG,h,DEN,21.38,6700,Daniel Jones,27,13,40,-3,41.5,loss
1,2021,QB,DEN,a,NYG,20.46,6600,Teddy Bridgewater,27,13,40,-3,41.5,win
1,2021,QB,NYJ,a,CAR,19.32,6500,Zach Wilson,14,19,33,3.5,44.5,loss
1,2021,QB,CAR,h,NYJ,19.06,6500,Sam Darnold,14,19,33,3.5,44.5,win
1,2021,QB,CIN,h,MIN,18.64,7200,Joe Burrow,24,27,51,-3,47,win
1,2021,QB,IND,h,SEA,18.34,6500,Carson Wentz,28,16,44,-3,49,loss
1,2021,QB,BAL,a,LV,18,8600,Lamar Jackson,27,33,60,-3,50.5,loss
1,2021,QB,BUF,h,PIT,17.2,8100,Josh Allen,23,16,39,6.5,48,loss
1,2021,QB,MIA,a,NE,17.18,6600,Tua Tagovailoa,17,16,33,3.5,43.5,win
1,2021,QB,NE,h,MIA,15.24,6200,Mac Jones,17,16,33,3.5,43.5,loss
1,2021,QB,TEN,h,ARI,15.18,7700,Ryan Tannehill,38,13,51,2.5,54,loss
1,2021,QB,SF,a,DET,14.76,6900,Jimmy Garoppolo,41,33,74,-9.5,46,win
1,2021,QB,LAC,a,WAS,14.38,7600,Justin Herbert,20,16,36,2.5,45.5,win
1,2021,QB,CLE,a,KC,13.64,7100,Baker Mayfield,29,33,62,5.5,54.5,loss
1,2021,QB,PIT,a,BUF,12.02,7100,Ben Roethlisberger,23,16,39,6.5,48,win
1,2021,QB,WAS,h,LAC,10.58,6500,Taylor Heinicke,20,16,36,2.5,45.5,loss
1,2021,QB,ATL,h,PHI,7.36,7300,Matt Ryan,32,6,38,3.5,49,loss
1,2021,QB,CHI,a,LA,6.7,6500,Justin Fields,14,34,48,9.5,46,loss
1,2021,QB,CHI,a,LA,6.54,6500,Andy Dalton,14,34,48,9.5,46,loss
1,2021,QB,SF,a,DET,4.4,6300,Trey Lance,41,33,74,-9.5,46,win
1,2021,QB,GB,a,NO,3.32,8000,Aaron Rodgers,3,38,41,-4,49,loss
1,2021,QB,LV,h,BAL,3.1,6200,Marcus Mariota,27,33,60,-3,50.5,win
1,2021,QB,GB,a,NO,0.72,6200,Jordan Love,3,38,41,-4,49,loss
1,2021,QB,WAS,h,LAC,0.72,6600,Ryan Fitzpatrick,20,16,36,2.5,45.5,loss
1,2021,QB,MIA,a,NE,0.4,6300,Jacoby Brissett,17,16,33,3.5,43.5,win
1,2021,QB,NO,h,GB,0.22,6700,Taysom Hill,3,38,41,-4,49,win
1,2021,QB,ATL,h,PHI,0,6000,Josh Rosen,32,6,38,3.5,49,loss
1,2021,QB,SEA,a,IND,0,6100,Geno Smith,28,16,44,-3,49,win
1,2021,RB,CAR,h,NYJ,23.2,10400,Christian McCaffrey,14,19,33,3.5,44.5,win
1,2021,RB,CIN,h,MIN,23,7200,Joe Mixon,24,27,51,-3,47,win
1,2021,RB,CLE,a,KC,21.1,7700,Nick Chubb,29,33,62,5.5,54.5,loss
1,2021,RB,DET,h,SF,21,4900,Jamaal Williams,41,33,74,-9.5,46,loss
1,2021,RB,DET,h,SF,20.4,6400,D'Andre Swift,41,33,74,-9.5,46,loss
1,2021,RB,DEN,a,NYG,19.3,5600,Melvin Gordon,27,13,40,-3,41.5,win
1,2021,RB,CHI,a,LA,18.3,7100,David Montgomery,14,34,48,9.5,46,loss
1,2021,RB,MIN,a,CIN,17.4,9400,Dalvin Cook,24,27,51,-3,47,loss
1,2021,RB,BAL,a,LV,16.9,4800,Ty'Son Williams,27,33,60,-3,50.5,loss
1,2021,RB,NO,h,GB,16.6,8600,Alvin Kamara,3,38,41,-4,49,win
1,2021,RB,LV,h,BAL,16.5,6800,Josh Jacobs,27,33,60,-3,50.5,win
1,2021,RB,SF,a,DET,16.4,4500,Elijah Mitchell,41,33,74,-9.5,46,win
1,2021,RB,CLE,a,KC,15.6,6000,Kareem Hunt,29,33,62,5.5,54.5,loss
1,2021,RB,PHI,a,ATL,15.3,6600,Miles Sanders,32,6,38,3.5,49,win
1,2021,RB,LA,h,CHI,15.2,6400,Darrell Henderson,14,34,48,9.5,46,win
1,2021,RB,IND,h,SEA,14.6,7900,Jonathan Taylor,28,16,44,-3,49,loss
1,2021,RB,HOU,h,JAX,14.5,4700,Mark Ingram,21,37,58,-3.5,45.5,win
1,2021,RB,ARI,a,TEN,12.6,5900,Chase Edmonds,38,13,51,2.5,54,win
1,2021,RB,LAC,a,WAS,11.7,6900,Austin Ekeler,20,16,36,2.5,45.5,win
1,2021,RB,PHI,a,ATL,11.3,4700,Kenny Gainwell,32,6,38,3.5,49,win
1,2021,RB,SEA,a,IND,11.2,6700,Chris Carson,28,16,44,-3,49,win
1,2021,RB,IND,h,SEA,11.2,5400,Nyheim Hines,28,16,44,-3,49,loss
1,2021,RB,NE,h,MIA,10.7,5800,Damien Harris,17,16,33,3.5,43.5,loss
1,2021,RB,WAS,h,LAC,10.3,7000,Antonio Gibson,20,16,36,2.5,45.5,loss
1,2021,RB,HOU,h,JAX,10.3,5700,David Johnson,21,37,58,-3.5,45.5,win
1,2021,RB,MIA,a,NE,10.1,6000,Myles Gaskin,17,16,33,3.5,43.5,win
1,2021,RB,LV,h,BAL,9.5,5400,Kenyan Drake,27,33,60,-3,50.5,win
1,2021,RB,BUF,h,PIT,9.5,5300,Devin Singletary,23,16,39,6.5,48,loss
1,2021,RB,TEN,h,ARI,9.2,8900,Derrick Henry,38,13,51,2.5,54,loss
1,2021,RB,NE,h,MIA,9.1,4800,James White,17,16,33,3.5,43.5,loss
1,2021,RB,BAL,a,LV,8.8,5300,Latavius Murray,27,33,60,-3,50.5,loss
1,2021,RB,KC,h,CLE,8.7,6800,Clyde Edwards-Helaire,29,33,62,5.5,54.5,win
1,2021,RB,ATL,h,PHI,8.7,6200,Mike Davis,32,6,38,3.5,49,loss
1,2021,RB,HOU,h,JAX,8.5,5200,Phillip Lindsay,21,37,58,-3.5,45.5,win
1,2021,RB,TB,h,DAL,8.4,6400,Leonard Fournette,29,31,60,10,52.5,win
1,2021,RB,SF,a,DET,8.3,4500,JaMycal Hasty,41,33,74,-9.5,46,win
1,2021,RB,JAX,a,HOU,6.9,5900,James Robinson,21,37,58,-3.5,45.5,loss
1,2021,RB,JAX,a,HOU,6.8,4800,Carlos Hyde,21,37,58,-3.5,45.5,loss
1,2021,RB,DAL,a,TB,6.3,5100,Tony Pollard,29,31,60,10,52.5,loss
1,2021,RB,CHI,a,LA,6,5000,Damien Williams,14,34,48,9.5,46,loss
1,2021,RB,NO,h,GB,5.8,4500,Tony Jones,3,38,41,-4,49,win
1,2021,RB,PIT,a,BUF,5.4,6500,Najee Harris,23,16,39,6.5,48,win
1,2021,RB,ARI,a,TEN,5.3,5500,James Conner,38,13,51,2.5,54,win
1,2021,RB,DAL,a,TB,4.9,8000,Ezekiel Elliott,29,31,60,10,52.5,loss
1,2021,RB,TEN,h,ARI,4.8,4500,Jeremy McNichols,38,13,51,2.5,54,loss
1,2021,RB,ATL,h,PHI,4.6,4500,Keith Smith,32,6,38,3.5,49,loss
1,2021,RB,DEN,a,NYG,4.6,5600,Javonte Williams,27,13,40,-3,41.5,win
1,2021,RB,LV,h,BAL,4.2,4500,Alec Ingold,27,33,60,-3,50.5,win
1,2021,RB,MIA,a,NE,3.8,5100,Salvon Ahmed,17,16,33,3.5,43.5,win
1,2021,RB,CIN,h,MIN,3.4,4900,Samaje Perine,24,27,51,-3,47,win
1,2021,RB,GB,a,NO,3.2,7400,Aaron Jones,3,38,41,-4,49,loss
1,2021,RB,NYG,h,DEN,3.2,8500,Saquon Barkley,27,13,40,-3,41.5,loss
1,2021,RB,GB,a,NO,3.1,5000,AJ Dillon,3,38,41,-4,49,loss
1,2021,RB,NYJ,a,CAR,3.1,4700,Ty Johnson,14,19,33,3.5,44.5,loss
1,2021,RB,MIN,a,CIN,2.9,4700,Ameer Abdullah,24,27,51,-3,47,loss
1,2021,RB,LAC,a,WAS,2.7,4600,Larry Rountree,20,16,36,2.5,45.5,win
1,2021,RB,NYJ,a,CAR,2.5,5300,Michael Carter,14,19,33,3.5,44.5,loss
1,2021,RB,BAL,a,LV,2.5,4500,Patrick Ricard,27,33,60,-3,50.5,loss
1,2021,RB,NYJ,a,CAR,2.4,5400,Tevin Coleman,14,19,33,3.5,44.5,loss
1,2021,RB,TB,h,DAL,2.2,4900,Giovani Bernard,29,31,60,10,52.5,win
1,2021,RB,SF,a,DET,2,6100,Raheem Mostert,41,33,74,-9.5,46,win
1,2021,RB,MIN,a,CIN,1.9,4500,CJ Ham,24,27,51,-3,47,loss
1,2021,RB,NYG,h,DEN,1.8,5300,Devontae Booker,27,13,40,-3,41.5,loss
1,2021,RB,MIA,a,NE,1.6,5000,Malcolm Brown,17,16,33,3.5,43.5,win
1,2021,RB,SEA,a,IND,1.5,4600,DeeJay Dallas,28,16,44,-3,49,win
1,2021,RB,CAR,h,NYJ,1.4,4700,Chuba Hubbard,14,19,33,3.5,44.5,win
1,2021,RB,GB,a,NO,1.4,4600,Kylin Hill,3,38,41,-4,49,loss
1,2021,RB,LAC,a,WAS,1.2,4800,Justin Jackson,20,16,36,2.5,45.5,win
1,2021,RB,SF,a,DET,1.2,4500,Kyle Juszczyk,41,33,74,-9.5,46,win
1,2021,RB,MIN,a,CIN,1.1,4800,Alexander Mattison,24,27,51,-3,47,loss
1,2021,RB,HOU,h,JAX,1.1,4700,Rex Burkhead,21,37,58,-3.5,45.5,win
1,2021,RB,NYG,h,DEN,1.1,4600,Gary Brightwell,27,13,40,-3,41.5,loss
1,2021,RB,NO,h,GB,1,4600,Ty Montgomery,3,38,41,-4,49,win
1,2021,RB,WAS,h,LAC,0.9,4500,Jaret Patterson,20,16,36,2.5,45.5,loss
1,2021,RB,WAS,h,LAC,0.8,5100,JD McKissic,20,16,36,2.5,45.5,loss
1,2021,RB,SEA,a,IND,0.8,4800,Rashaad Penny,28,16,44,-3,49,win
1,2021,RB,NE,h,MIA,0.5,4500,Brandon Bolden,17,16,33,3.5,43.5,loss
1,2021,RB,SF,a,DET,0.5,4600,Trenton Cannon,41,33,74,-9.5,46,win
1,2021,RB,KC,h,CLE,0.4,5100,Darrel Williams,29,33,62,5.5,54.5,win
1,2021,RB,BUF,h,PIT,0.4,4900,Matt Breida,23,16,39,6.5,48,loss
1,2021,RB,KC,h,CLE,0.2,4500,Michael Burton,29,33,62,5.5,54.5,win
1,2021,RB,TEN,h,ARI,0.2,4500,Mekhi Sargent,38,13,51,2.5,54,loss
1,2021,RB,LA,h,CHI,0.2,5200,Sony Michel,14,34,48,9.5,46,win
1,2021,RB,LAC,a,WAS,0.2,4500,Gabe Nabers,20,16,36,2.5,45.5,win
1,2021,RB,NO,h,GB,0,4500,Dwayne Washington,3,38,41,-4,49,win
1,2021,RB,NE,h,MIA,0,4500,Jakob Johnson,17,16,33,3.5,43.5,loss
1,2021,RB,SEA,a,IND,0,4500,Nick Bellore,28,16,44,-3,49,win
1,2021,RB,IND,h,SEA,0,4600,Jordan Wilkins,28,16,44,-3,49,loss
1,2021,RB,CIN,h,MIN,0,4600,Chris Evans,24,27,51,-3,47,win
1,2021,RB,KC,h,CLE,0,4700,Jerick McKinnon,29,33,62,5.5,54.5,win
1,2021,RB,TEN,h,ARI,0,4500,Khari Blasingame,38,13,51,2.5,54,loss
1,2021,RB,NYG,h,DEN,0,4500,Cullen Gillaspia,27,13,40,-3,41.5,loss
1,2021,RB,CLE,a,KC,0,4500,Demetric Felton,29,33,62,5.5,54.5,loss
1,2021,RB,NYG,h,DEN,0,4500,Elijhaa Penny,27,13,40,-3,41.5,loss
1,2021,RB,PHI,a,ATL,0,4600,Boston Scott,32,6,38,3.5,49,win
1,2021,RB,CHI,a,LA,0,4600,Khalil Herbert,14,34,48,9.5,46,loss
1,2021,RB,LA,h,CHI,0,4600,Jake Funk,14,34,48,9.5,46,win
1,2021,RB,CLE,a,KC,0,4600,D'Ernest Johnson,29,33,62,5.5,54.5,loss
1,2021,RB,PIT,a,BUF,0,4500,Kalen Ballage,23,16,39,6.5,48,win
1,2021,RB,SEA,a,IND,0,4700,Travis Homer,28,16,44,-3,49,win
1,2021,RB,PIT,a,BUF,0,4500,Derek Watt,23,16,39,6.5,48,win
1,2021,RB,JAX,a,HOU,0,4500,Dare Ogunbowale,21,37,58,-3.5,45.5,loss
1,2021,RB,CHI,a,LA,0,4600,Tarik Cohen,14,34,48,9.5,46,loss
1,2021,RB,DEN,a,NYG,0,4500,Damarea Crockett,27,13,40,-3,41.5,win
1,2021,RB,BUF,h,PIT,0,4500,Taiwan Jones,23,16,39,6.5,48,loss
1,2021,RB,CAR,h,NYJ,0,4700,Royce Freeman,14,19,33,3.5,44.5,win
1,2021,RB,ARI,a,TEN,0,4500,Jonathan Ward,38,13,51,2.5,54,win
1,2021,RB,PIT,a,BUF,0,4800,Benny Snell,23,16,39,6.5,48,win
1,2021,RB,CLE,a,KC,0,4500,Andy Janovich,29,33,62,5.5,54.5,loss
1,2021,RB,DAL,a,TB,0,4600,Corey Clement,29,31,60,10,52.5,loss
1,2021,RB,ATL,h,PHI,0,5000,Wayne Gallman,32,6,38,3.5,49,loss
1,2021,RB,NE,h,MIA,-0.4,4600,Rhamondre Stevenson,17,16,33,3.5,43.5,loss
1,2021,RB,TB,h,DAL,-0.6,5900,Ronald Jones,29,31,60,10,52.5,win
1,2021,WR,DAL,a,TB,32.4,6600,Amari Cooper,29,31,60,10,52.5,loss
1,2021,WR,KC,h,CLE,31.6,8500,Tyreek Hill,29,33,62,5.5,54.5,win
1,2021,WR,SF,a,DET,27.4,6300,Deebo Samuel,41,33,74,-9.5,46,win
1,2021,WR,MIN,a,CIN,25.7,7300,Adam Thielen,24,27,51,-3,47,loss
1,2021,WR,NYJ,a,CAR,24.2,5800,Corey Davis,14,19,33,3.5,44.5,loss
1,2021,WR,SEA,a,IND,24,6800,Tyler Lockett,28,16,44,-3,49,win
1,2021,WR,ARI,a,TEN,23.3,8200,DeAndre Hopkins,38,13,51,2.5,54,win
1,2021,WR,ARI,a,TEN,21.5,5200,Christian Kirk,38,13,51,2.5,54,win
1,2021,WR,TB,h,DAL,21.2,5700,Antonio Brown,29,31,60,10,52.5,win
1,2021,WR,NYG,h,DEN,20.8,5500,Sterling Shepard,27,13,40,-3,41.5,loss
1,2021,WR,LA,h,CHI,20.3,6200,Cooper Kupp,14,34,48,9.5,46,win
1,2021,WR,DAL,a,TB,19.9,6300,CeeDee Lamb,29,31,60,10,52.5,loss
1,2021,WR,TB,h,DAL,19,7200,Chris Godwin,29,31,60,10,52.5,win
1,2021,WR,CIN,h,MIN,18.4,5500,Ja'Marr Chase,24,27,51,-3,47,win
1,2021,WR,IND,h,SEA,18.3,4900,Zach Pascal,28,16,44,-3,49,loss
1,2021,WR,LAC,a,WAS,18.2,5700,Mike Williams,20,16,36,2.5,45.5,win
1,2021,WR,CLE,a,KC,16.9,6400,Jarvis Landry,29,33,62,5.5,54.5,loss
1,2021,WR,BAL,a,LV,16.4,6200,Marquise Brown,27,33,60,-3,50.5,loss
1,2021,WR,JAX,a,HOU,16.2,5800,Marvin Jones,21,37,58,-3.5,45.5,loss
1,2021,WR,JAX,a,HOU,16.1,6100,DJ Chark,21,37,58,-3.5,45.5,loss
1,2021,WR,PHI,a,ATL,16.1,5300,Devonta Smith,32,6,38,3.5,49,win
1,2021,WR,NE,h,MIA,15.7,5600,Nelson Agholor,17,16,33,3.5,43.5,loss
1,2021,WR,HOU,h,JAX,15.7,6300,Brandin Cooks,21,37,58,-3.5,45.5,win
1,2021,WR,LA,h,CHI,15,4900,Van Jefferson,14,34,48,9.5,46,win
1,2021,WR,LAC,a,WAS,14.5,7400,Keenan Allen,20,16,36,2.5,45.5,win
1,2021,WR,NO,h,GB,14.2,5300,Deonte Harris,3,38,41,-4,49,win
1,2021,WR,MIA,a,NE,14.1,5200,Jaylen Waddle,17,16,33,3.5,43.5,win
1,2021,WR,SEA,a,IND,14,7700,DK Metcalf,28,16,44,-3,49,win
1,2021,WR,PHI,a,ATL,13.9,5400,Jalen Reagor,32,6,38,3.5,49,win
1,2021,WR,CIN,h,MIN,13.8,6000,Tee Higgins,24,27,51,-3,47,win
1,2021,WR,TEN,h,ARI,12.9,7800,AJ Brown,38,13,51,2.5,54,loss
1,2021,WR,CAR,h,NYJ,12.4,6700,DJ Moore,14,19,33,3.5,44.5,win
1,2021,WR,CAR,h,NYJ,12.2,6200,Robby Anderson,14,19,33,3.5,44.5,win
1,2021,WR,PIT,a,BUF,12.1,6600,Diontae Johnson,23,16,39,6.5,48,win
1,2021,WR,HOU,h,JAX,11.9,0,Danny Amendola,21,37,58,-3.5,45.5,win
1,2021,WR,DEN,a,NYG,11.9,4900,Tim Patrick,27,13,40,-3,41.5,win
1,2021,WR,BAL,a,LV,11.6,5300,Sammy Watkins,27,33,60,-3,50.5,loss
1,2021,WR,LV,h,BAL,11.6,4500,Zay Jones,27,33,60,-3,50.5,win
1,2021,WR,BUF,h,PIT,11.4,7900,Stefon Diggs,23,16,39,6.5,48,loss
1,2021,WR,MIN,a,CIN,11.1,4500,KJ Osborn,24,27,51,-3,47,loss
1,2021,WR,BUF,h,PIT,11,4900,Gabriel Davis,23,16,39,6.5,48,loss
1,2021,WR,LA,h,CHI,10.9,6500,Robert Woods,14,34,48,9.5,46,win
1,2021,WR,DET,h,SF,10.7,4700,Quintez Cephus,41,33,74,-9.5,46,loss
1,2021,WR,DEN,a,NYG,10.2,5500,Jerry Jeudy,27,13,40,-3,41.5,win
1,2021,WR,LV,h,BAL,10.1,4600,Bryan Edwards,27,33,60,-3,50.5,win
1,2021,WR,MIA,a,NE,10.1,6100,DeVante Parker,17,16,33,3.5,43.5,win
1,2021,WR,CLE,a,KC,10.1,4600,Anthony Schwartz,29,33,62,5.5,54.5,loss
1,2021,WR,MIN,a,CIN,10.04,8000,Justin Jefferson,24,27,51,-3,47,loss
1,2021,WR,LV,h,BAL,10,5000,Hunter Renfrow,27,33,60,-3,50.5,win
1,2021,WR,BUF,h,PIT,10,5500,Cole Beasley,23,16,39,6.5,48,loss
1,2021,WR,JAX,a,HOU,9.4,5600,Laviska Shenault,21,37,58,-3.5,45.5,loss
1,2021,WR,SF,a,DET,9.3,4500,Trent Sherfield,41,33,74,-9.5,46,win
1,2021,WR,ARI,a,TEN,8.8,4900,Rondale Moore,38,13,51,2.5,54,win
1,2021,WR,PIT,a,BUF,8.5,6000,Chase Claypool,23,16,39,6.5,48,win
1,2021,WR,NYG,h,DEN,8.4,6200,Kenny Golladay,27,13,40,-3,41.5,loss
1,2021,WR,TEN,h,ARI,8.2,4500,Chester Rogers,38,13,51,2.5,54,loss
1,2021,WR,WAS,h,LAC,8.2,6900,Terry McLaurin,20,16,36,2.5,45.5,loss
1,2021,WR,GB,a,NO,8.1,8600,Davante Adams,3,38,41,-4,49,loss
1,2021,WR,NYG,h,DEN,8,5000,Darius Slayton,27,13,40,-3,41.5,loss
1,2021,WR,ATL,h,PHI,7.7,5200,Cordarrelle Patterson,32,6,38,3.5,49,loss
1,2021,WR,ATL,h,PHI,7.6,8100,Calvin Ridley,32,6,38,3.5,49,loss
1,2021,WR,NYJ,a,CAR,7.6,4600,Braxton Berrios,14,19,33,3.5,44.5,loss
1,2021,WR,NO,h,GB,7.5,4900,Chris Hogan,3,38,41,-4,49,win
1,2021,WR,DET,h,SF,7.4,4500,Kalif Raymond,41,33,74,-9.5,46,loss
1,2021,WR,NE,h,MIA,7.4,5400,Jakobi Meyers,17,16,33,3.5,43.5,loss
1,2021,WR,BUF,h,PIT,7.2,5300,Emmanuel Sanders,23,16,39,6.5,48,loss
1,2021,WR,PIT,a,BUF,7.2,6400,JuJu Smith-Schuster,23,16,39,6.5,48,win
1,2021,WR,CHI,a,LA,6.5,6900,Allen Robinson,14,34,48,9.5,46,loss
1,2021,WR,LAC,a,WAS,6.4,5100,Jalen Guyton,20,16,36,2.5,45.5,win
1,2021,WR,CHI,a,LA,6.3,4700,Marquise Goodwin,14,34,48,9.5,46,loss
1,2021,WR,DEN,a,NYG,5.6,5100,KJ Hamler,27,13,40,-3,41.5,win
1,2021,WR,LV,h,BAL,5.6,5300,Henry Ruggs,27,33,60,-3,50.5,win
1,2021,WR,DAL,a,TB,5.6,5800,Michael Gallup,29,31,60,10,52.5,loss
1,2021,WR,CHI,a,LA,5.1,5500,Darnell Mooney,14,34,48,9.5,46,loss
1,2021,WR,CIN,h,MIN,4.7,5900,Tyler Boyd,24,27,51,-3,47,win
1,2021,WR,LAC,a,WAS,4.5,4500,KJ Hill,20,16,36,2.5,45.5,win
1,2021,WR,NYJ,a,CAR,4.5,4900,Denzel Mims,14,19,33,3.5,44.5,loss
1,2021,WR,IND,h,SEA,4.4,5300,Michael Pittman,28,16,44,-3,49,loss
1,2021,WR,TEN,h,ARI,4.4,7000,Julio Jones,38,13,51,2.5,54,loss
1,2021,WR,CAR,h,NYJ,4.1,4900,Terrace Marshall,14,19,33,3.5,44.5,win
1,2021,WR,TB,h,DAL,3.9,7600,Mike Evans,29,31,60,10,52.5,win
1,2021,WR,DAL,a,TB,3.9,4700,Cedrick Wilson,29,31,60,10,52.5,loss
1,2021,WR,GB,a,NO,3.8,5400,Randall Cobb,3,38,41,-4,49,loss
1,2021,WR,PHI,a,ATL,3.8,4600,Quez Watkins,32,6,38,3.5,49,win
1,2021,WR,HOU,h,JAX,3.7,5100,Chris Conley,21,37,58,-3.5,45.5,win
1,2021,WR,IND,h,SEA,3.6,4500,Mike Strachan,28,16,44,-3,49,loss
1,2021,WR,ARI,a,TEN,3.5,5400,AJ Green,38,13,51,2.5,54,win
1,2021,WR,CHI,a,LA,3.4,5100,Damiere Byrd,14,34,48,9.5,46,loss
1,2021,WR,DET,h,SF,3.4,4500,Trinity Benson,41,33,74,-9.5,46,loss
1,2021,WR,KC,h,CLE,3.4,5400,Mecole Hardman,29,33,62,5.5,54.5,win
1,2021,WR,SEA,a,IND,3.3,4800,D'Wayne Eskridge,28,16,44,-3,49,win
1,2021,WR,DET,h,SF,3.3,5000,Amon-Ra St,41,33,74,-9.5,46,loss
1,2021,WR,GB,a,NO,3.2,5200,Marquez Valdes-Scantling,3,38,41,-4,49,loss
1,2021,WR,LA,h,CHI,3.1,5300,DeSean Jackson,14,34,48,9.5,46,win
1,2021,WR,IND,h,SEA,2.9,5000,Parris Campbell,28,16,44,-3,49,loss
1,2021,WR,GB,a,NO,2.6,5600,Allen Lazard,3,38,41,-4,49,loss
1,2021,WR,DET,h,SF,2.4,5400,Tyrell Williams,41,33,74,-9.5,46,loss
1,2021,WR,GB,a,NO,2.4,4500,Malik Taylor,3,38,41,-4,49,loss
1,2021,WR,GB,a,NO,2.4,4500,Amari Rodgers,3,38,41,-4,49,loss
1,2021,WR,NE,h,MIA,2.2,4900,Kendrick Bourne,17,16,33,3.5,43.5,loss
1,2021,WR,LAC,a,WAS,2.2,5000,Josh Palmer,20,16,36,2.5,45.5,win
1,2021,WR,WAS,h,LAC,2.2,4500,Cam Sims,20,16,36,2.5,45.5,loss
1,2021,WR,WAS,h,LAC,2,4900,Adam Humphries,20,16,36,2.5,45.5,loss
1,2021,WR,PIT,a,BUF,2,4900,James Washington,23,16,39,6.5,48,win
1,2021,WR,DEN,a,NYG,1.9,5800,Courtland Sutton,27,13,40,-3,41.5,win
1,2021,WR,NO,h,GB,1.9,5200,Marquez Callaway,3,38,41,-4,49,win
1,2021,WR,MIN,a,CIN,1.6,4700,Dede Westbrook,24,27,51,-3,47,loss
1,2021,WR,TEN,h,ARI,1.5,4500,Nick Westbrook,38,13,51,2.5,54,loss
1,2021,WR,KC,h,CLE,1.4,4900,Demarcus Robinson,29,33,62,5.5,54.5,win
1,2021,WR,SF,a,DET,1.2,4700,Mohamed Sanu,41,33,74,-9.5,46,win
1,2021,WR,HOU,h,JAX,1.2,4900,Nico Collins,21,37,58,-3.5,45.5,win
1,2021,WR,KC,h,CLE,1.1,4700,Byron Pringle,29,33,62,5.5,54.5,win
1,2021,WR,NYG,h,DEN,1.1,4500,CJ Board,27,13,40,-3,41.5,loss
1,2021,WR,JAX,a,HOU,1.1,4800,Tyron Johnson,21,37,58,-3.5,45.5,loss
1,2021,WR,BAL,a,LV,1.1,4900,Devin Duvernay,27,33,60,-3,50.5,loss
1,2021,WR,CIN,h,MIN,1,4600,Mike Thomas,24,27,51,-3,47,win
1,2021,WR,CLE,a,KC,0.9,4700,Donovan Peoples-Jones,29,33,62,5.5,54.5,loss
1,2021,WR,NYG,h,DEN,0.8,4900,Kadarius Toney,27,13,40,-3,41.5,loss
1,2021,WR,SEA,a,IND,0.5,4700,Freddie Swain,28,16,44,-3,49,win
1,2021,WR,WAS,h,LAC,0.3,4700,Dyami Brown,20,16,36,2.5,45.5,loss
1,2021,WR,NYJ,a,CAR,0.2,5000,Elijah Moore,14,19,33,3.5,44.5,loss
1,2021,WR,KC,h,CLE,0,4500,Marcus Kemp,29,33,62,5.5,54.5,win
1,2021,WR,ATL,h,PHI,0,4500,Tajae Sharpe,32,6,38,3.5,49,loss
1,2021,WR,MIA,a,NE,0,4500,Mack Hollins,17,16,33,3.5,43.5,win
1,2021,WR,CAR,h,NYJ,0,4500,Brandon Zylstra,14,19,33,3.5,44.5,win
1,2021,WR,NE,h,MIA,0,4600,Gunner Olszewski,17,16,33,3.5,43.5,loss
1,2021,WR,CAR,h,NYJ,0,4500,Alex Erickson,14,19,33,3.5,44.5,win
1,2021,WR,MIA,a,NE,0,4500,Albert Wilson,17,16,33,3.5,43.5,win
1,2021,WR,ATL,h,PHI,0,5700,Russell Gage,32,6,38,3.5,49,loss
1,2021,WR,BAL,a,LV,0,4600,James Proche,27,33,60,-3,50.5,loss
1,2021,WR,SEA,a,IND,0,4600,Penny Hart,28,16,44,-3,49,win
1,2021,WR,PHI,a,ATL,0,5000,Greg Ward,32,6,38,3.5,49,win
1,2021,WR,MIN,a,CIN,0,4600,Ihmir Smith-Marsette,24,27,51,-3,47,loss
1,2021,WR,SF,a,DET,0,6500,Brandon Aiyuk,41,33,74,-9.5,46,win
1,2021,WR,BAL,a,LV,0,4700,Tylan Wallace,27,33,60,-3,50.5,loss
1,2021,WR,TB,h,DAL,0,4800,Scott Miller,29,31,60,10,52.5,win
1,2021,WR,DEN,a,NYG,0,4600,Diontae Spencer,27,13,40,-3,41.5,win
1,2021,WR,TB,h,DAL,0,4500,Jaydon Mickens,29,31,60,10,52.5,win
1,2021,WR,JAX,a,HOU,0,4500,Devin Smith,21,37,58,-3.5,45.5,loss
1,2021,WR,CIN,h,MIN,0,4500,Stanley Morgan,24,27,51,-3,47,win
1,2021,WR,CLE,a,KC,0,5000,Rashard Higgins,29,33,62,5.5,54.5,loss
1,2021,WR,JAX,a,HOU,0,4500,Jamal Agnew,21,37,58,-3.5,45.5,loss
1,2021,WR,TB,h,DAL,0,4600,Tyler Johnson,29,31,60,10,52.5,win
1,2021,WR,CIN,h,MIN,0,4700,Auden Tate,24,27,51,-3,47,win
1,2021,WR,LV,h,BAL,0,4700,Willie Snead,27,33,60,-3,50.5,win
1,2021,WR,HOU,h,JAX,0,4500,Andre Roberts,21,37,58,-3.5,45.5,win
1,2021,WR,ATL,h,PHI,0,4800,Christian Blake,32,6,38,3.5,49,loss
1,2021,WR,NYJ,a,CAR,0,4500,Jeff Smith,14,19,33,3.5,44.5,loss
1,2021,WR,BUF,h,PIT,0,4500,Jake Kumerow,23,16,39,6.5,48,loss
1,2021,WR,ATL,h,PHI,0,5000,Olamide Zaccheaus,32,6,38,3.5,49,loss
1,2021,WR,NE,h,MIA,0,4500,Matthew Slater,17,16,33,3.5,43.5,loss
1,2021,WR,WAS,h,LAC,0,4500,DeAndre Carter,20,16,36,2.5,45.5,loss
1,2021,WR,PHI,a,ATL,0,4500,JJ Arcega-Whiteside,32,6,38,3.5,49,win
1,2021,WR,PIT,a,BUF,0,4600,Ray-Ray McCloud,23,16,39,6.5,48,win
1,2021,WR,IND,h,SEA,0,4500,Ashton Dulin,28,16,44,-3,49,loss
1,2021,WR,CHI,a,LA,0,4500,Nsimba Webster,14,34,48,9.5,46,loss
1,2021,WR,MIA,a,NE,0,4500,Jakeem Grant,17,16,33,3.5,43.5,win
1,2021,WR,NO,h,GB,0,4700,Lil'Jordan Humphrey,3,38,41,-4,49,win
1,2021,WR,LA,h,CHI,0,4600,Tutu Atwell,14,34,48,9.5,46,win
1,2021,WR,BUF,h,PIT,-0.3,4600,Isaiah McKenzie,23,16,39,6.5,48,loss
1,2021,TE,TB,h,DAL,25,5200,Rob Gronkowski,29,31,60,10,52.5,win
1,2021,TE,KC,h,CLE,22.6,8500,Travis Kelce,29,33,62,5.5,54.5,win
1,2021,TE,DET,h,SF,21.7,5700,TJ Hockenson,41,33,74,-9.5,46,loss
1,2021,TE,LV,h,BAL,21.5,7000,Darren Waller,27,33,60,-3,50.5,win
1,2021,TE,NO,h,GB,15.6,4500,Juwan Johnson,3,38,41,-4,49,win
1,2021,TE,PHI,a,ATL,12.2,5900,Dallas Goedert,32,6,38,3.5,49,win
1,2021,TE,WAS,h,LAC,10.5,5600,Logan Thomas,20,16,36,2.5,45.5,loss
1,2021,TE,SF,a,DET,9.8,7000,George Kittle,41,33,74,-9.5,46,win
1,2021,TE,LA,h,CHI,9.3,5400,Tyler Higbee,14,34,48,9.5,46,win
1,2021,TE,DEN,a,NYG,9.2,5400,Noah Fant,27,13,40,-3,41.5,win
1,2021,TE,CLE,a,KC,9.1,4600,David Njoku,29,33,62,5.5,54.5,loss
1,2021,TE,SEA,a,IND,9,4800,Gerald Everett,28,16,44,-3,49,win
1,2021,TE,JAX,a,HOU,8.7,4200,Chris Manhertz,21,37,58,-3.5,45.5,loss
1,2021,TE,HOU,h,JAX,8.7,4300,Pharaoh Brown,21,37,58,-3.5,45.5,win
1,2021,TE,LAC,a,WAS,8.1,5200,Jared Cook,20,16,36,2.5,45.5,win
1,2021,TE,JAX,a,HOU,7.8,4600,James O'Shaughnessy,21,37,58,-3.5,45.5,loss
1,2021,TE,DAL,a,TB,7.5,4800,Dalton Schultz,29,31,60,10,52.5,loss
1,2021,TE,NE,h,MIA,7.3,4900,Jonnu Smith,17,16,33,3.5,43.5,loss
1,2021,TE,DEN,a,NYG,7.1,4200,Albert Okwuegbunam,27,13,40,-3,41.5,win
1,2021,TE,CHI,a,LA,6.7,5100,Cole Kmet,14,34,48,9.5,46,loss
1,2021,TE,MIN,a,CIN,6.1,4400,Tyler Conklin,24,27,51,-3,47,loss
1,2021,TE,BUF,h,PIT,6.1,5000,Dawson Knox,23,16,39,6.5,48,loss
1,2021,TE,SEA,a,IND,5.2,4400,Will Dissly,28,16,44,-3,49,win
1,2021,TE,ATL,h,PHI,5.1,6000,Kyle Pitts,32,6,38,3.5,49,loss
1,2021,TE,ATL,h,PHI,4.8,4900,Hayden Hurst,32,6,38,3.5,49,loss
1,2021,TE,NE,h,MIA,4.6,5300,Hunter Henry,17,16,33,3.5,43.5,loss
1,2021,TE,CIN,h,MIN,4.5,4800,CJ Uzomah,24,27,51,-3,47,win
1,2021,TE,PHI,a,ATL,4.4,5000,Zach Ertz,32,6,38,3.5,49,win
1,2021,TE,CLE,a,KC,4.2,5100,Austin Hooper,29,33,62,5.5,54.5,loss
1,2021,TE,NYJ,a,CAR,4.1,4700,Tyler Kroft,14,19,33,3.5,44.5,loss
1,2021,TE,NYJ,a,CAR,3.7,4000,Ryan Griffin,14,19,33,3.5,44.5,loss
1,2021,TE,IND,h,SEA,3.6,4800,Jack Doyle,28,16,44,-3,49,loss
1,2021,TE,DAL,a,TB,3.5,4500,Blake Jarwin,29,31,60,10,52.5,loss
1,2021,TE,BAL,a,LV,3.5,6200,Mark Andrews,27,33,60,-3,50.5,loss
1,2021,TE,TEN,h,ARI,3.4,4700,Anthony Firkser,38,13,51,2.5,54,loss
1,2021,TE,NO,h,GB,3.3,4600,Adam Trautman,3,38,41,-4,49,win
1,2021,TE,PIT,a,BUF,2.9,4400,Pat Freiermuth,23,16,39,6.5,48,win
1,2021,TE,GB,a,NO,2.4,4300,Marcedes Lewis,3,38,41,-4,49,loss
1,2021,TE,PIT,a,BUF,2.4,5200,Eric Ebron,23,16,39,6.5,48,win
1,2021,TE,CAR,h,NYJ,2.2,4400,Ian Thomas,14,19,33,3.5,44.5,win
1,2021,TE,CLE,a,KC,2.2,4700,Harrison Bryant,29,33,62,5.5,54.5,loss
1,2021,TE,NYG,h,DEN,1.8,4500,Kyle Rudolph,27,13,40,-3,41.5,loss
1,2021,TE,GB,a,NO,1.8,5400,Robert Tonyan,3,38,41,-4,49,loss
1,2021,TE,CHI,a,LA,1.6,5000,Jimmy Graham,14,34,48,9.5,46,loss
1,2021,TE,CAR,h,NYJ,1.6,4500,Dan Arnold,14,19,33,3.5,44.5,win
1,2021,TE,MIA,a,NE,1.4,4600,Durham Smythe,17,16,33,3.5,43.5,win
1,2021,TE,DEN,a,NYG,1.2,4100,Eric Saubert,27,13,40,-3,41.5,win
1,2021,TE,KC,h,CLE,1,4100,Blake Bell,29,33,62,5.5,54.5,win
1,2021,TE,DET,h,SF,0.7,4400,Darren Fells,41,33,74,-9.5,46,loss
1,2021,TE,LAC,a,WAS,0.6,4000,Stephen Anderson,20,16,36,2.5,45.5,win
1,2021,TE,PIT,a,BUF,0.3,4000,Zach Gentry,23,16,39,6.5,48,win
1,2021,TE,WAS,h,LAC,0,4000,Ricky Seals-Jones,20,16,36,2.5,45.5,loss
1,2021,TE,DAL,a,TB,0,4100,Jeremy Sprinkle,29,31,60,10,52.5,loss
1,2021,TE,NO,h,GB,0,4100,Garrett Griffin,3,38,41,-4,49,win
1,2021,TE,HOU,h,JAX,0,4800,Jordan Akins,21,37,58,-3.5,45.5,win
1,2021,TE,CHI,a,LA,0,4400,Jesse James,14,34,48,9.5,46,loss
1,2021,TE,BAL,a,LV,0,4100,Josh Oliver,27,33,60,-3,50.5,loss
1,2021,TE,GB,a,NO,0,4200,Josiah Deguara,3,38,41,-4,49,loss
1,2021,TE,HOU,h,JAX,0,4000,Antony Auclair,21,37,58,-3.5,45.5,win
1,2021,TE,KC,h,CLE,0,4000,James Winchester,29,33,62,5.5,54.5,win
1,2021,TE,BUF,h,PIT,0,4100,Tommy Sweeney,23,16,39,6.5,48,loss
1,2021,TE,MIA,a,NE,0,4000,Cethan Carter,17,16,33,3.5,43.5,win
1,2021,TE,TEN,h,ARI,0,4200,Geoff Swaim,38,13,51,2.5,54,loss
1,2021,TE,BAL,a,LV,0,4000,Eric Tomlinson,27,33,60,-3,50.5,loss
1,2021,TE,LV,h,BAL,0,4100,Derek Carrier,27,33,60,-3,50.5,win
1,2021,TE,ARI,a,TEN,0,4000,Demetrius Harris,38,13,51,2.5,54,win
1,2021,TE,MIA,a,NE,0,5500,Mike Gesicki,17,16,33,3.5,43.5,win
1,2021,TE,CAR,h,NYJ,0,4100,Tommy Tremble,14,19,33,3.5,44.5,win
1,2021,TE,MIN,a,CIN,0,4400,Chris Herndon,24,27,51,-3,47,loss
1,2021,TE,CIN,h,MIN,0,4300,Drew Sample,24,27,51,-3,47,win
1,2021,TE,LA,h,CHI,0,4000,Johnny Mundt,14,34,48,9.5,46,win
1,2021,TE,LV,h,BAL,0,4500,Foster Moreau,27,33,60,-3,50.5,win
1,2021,TE,ATL,h,PHI,0,4300,Lee Smith,32,6,38,3.5,49,loss
1,2021,TE,CHI,a,LA,0,4000,JP Holtz,14,34,48,9.5,46,loss
1,2021,TE,TB,h,DAL,0,4900,OJ Howard,29,31,60,10,52.5,win
1,2021,TE,IND,h,SEA,0,4700,Mo Alie-Cox,28,16,44,-3,49,loss
1,2021,TE,NYG,h,DEN,0,4100,Kaden Smith,27,13,40,-3,41.5,loss
1,2021,TE,GB,a,NO,0,4100,Dominique Dafney,3,38,41,-4,49,loss
1,2021,TE,TEN,h,ARI,0,4000,MyCole Pruitt,38,13,51,2.5,54,loss
1,2021,TE,LAC,a,WAS,0,4300,Donald Parham,20,16,36,2.5,45.5,win
1,2021,TE,ARI,a,TEN,0,4200,Darrell Daniels,38,13,51,2.5,54,win
1,2021,TE,WAS,h,LAC,0,4100,John Bates,20,16,36,2.5,45.5,loss
1,2021,TE,MIN,a,CIN,0,4100,Brandon Dillon,24,27,51,-3,47,loss
1,2021,TE,CAR,h,NYJ,0,4000,Colin Thompson,14,19,33,3.5,44.5,win
1,2021,TE,BUF,h,PIT,0,4000,Reggie Gilliam,23,16,39,6.5,48,loss
1,2021,TE,NYJ,a,CAR,0,4000,Daniel Brown,14,19,33,3.5,44.5,loss
1,2021,TE,ARI,a,TEN,0,4300,Maxx Williams,38,13,51,2.5,54,win
1,2021,TE,SF,a,DET,0,4100,Charlie Woerner,41,33,74,-9.5,46,win
1,2021,TE,JAX,a,HOU,0,4100,Luke Farrell,21,37,58,-3.5,45.5,loss
1,2021,TE,TB,h,DAL,0,4500,Cameron Brate,29,31,60,10,52.5,win
1,2021,TE,NYJ,a,CAR,0,4100,Trevon Wesco,14,19,33,3.5,44.5,loss
1,2021,TE,SF,a,DET,0,4200,Ross Dwelley,41,33,74,-9.5,46,win
1,2021,PK,SF,a,DET,14,1,Robbie Gould,41,33,74,-9.5,46,win
1,2021,PK,HOU,h,JAX,14,1,Joey Slye,21,37,58,-3.5,45.5,win
1,2021,PK,PIT,a,BUF,12,1,Chris Boswell,23,16,39,6.5,48,win
1,2021,PK,WAS,h,LAC,12,1,Dustin Hopkins,20,16,36,2.5,45.5,loss
1,2021,PK,DAL,a,TB,12,1,Greg Zuerlein,29,31,60,10,52.5,loss
1,2021,PK,LA,h,CHI,12,1,Matt Gay,14,34,48,9.5,46,win
1,2021,PK,BUF,h,PIT,11,1,Tyler Bass,23,16,39,6.5,48,loss
1,2021,PK,NE,h,MIA,11,1,Nick Folk,17,16,33,3.5,43.5,loss
1,2021,PK,CIN,h,MIN,11,1,Evan McPherson,24,27,51,-3,47,win
1,2021,PK,BAL,a,LV,11,1,Justin Tucker,27,33,60,-3,50.5,loss
1,2021,PK,LV,h,BAL,11,1,Daniel Carlson,27,33,60,-3,50.5,win
1,2021,PK,KC,h,CLE,10,1,Harrison Butker,29,33,62,5.5,54.5,win
1,2021,PK,DEN,a,NYG,9,1,Brandon McManus,27,13,40,-3,41.5,win
1,2021,PK,NO,h,GB,9,1,Aldrick Rosas,3,38,41,-4,49,win
1,2021,PK,MIN,a,CIN,8,1,Greg Joseph,24,27,51,-3,47,loss
1,2021,PK,LAC,a,WAS,8,1,Tristan Vizcaino,20,16,36,2.5,45.5,win
1,2021,PK,ARI,a,TEN,8,1,Matt Prater,38,13,51,2.5,54,win
1,2021,PK,DET,h,SF,7,1,Ryan Santoso,41,33,74,-9.5,46,loss
1,2021,PK,TB,h,DAL,7,1,Ryan Succop,29,31,60,10,52.5,win
1,2021,PK,PHI,a,ATL,7,1,Jake Elliott,32,6,38,3.5,49,win
1,2021,PK,ATL,h,PHI,6,1,Younghoe Koo,32,6,38,3.5,49,loss
1,2021,PK,DET,h,SF,6,1,Austin Seibert,41,33,74,-9.5,46,loss
1,2021,PK,MIA,a,NE,6,1,Jason Sanders,17,16,33,3.5,43.5,win
1,2021,PK,SEA,a,IND,4,1,Jason Myers,28,16,44,-3,49,win
1,2021,PK,IND,h,SEA,4,1,Rodrigo Blankenship,28,16,44,-3,49,loss
1,2021,PK,JAX,a,HOU,3,1,Josh Lambo,21,37,58,-3.5,45.5,loss
1,2021,PK,GB,a,NO,3,1,Mason Crosby,3,38,41,-4,49,loss
1,2021,PK,CLE,a,KC,3,1,Chase McLaughlin,29,33,62,5.5,54.5,loss
1,2021,PK,CHI,a,LA,2,1,Cairo Santos,14,34,48,9.5,46,loss
1,2021,PK,NYG,h,DEN,1,1,Graham Gano,27,13,40,-3,41.5,loss
1,2021,PK,TEN,h,ARI,1,1,Mike Badgley,38,13,51,2.5,54,loss
1,2021,Def,ARI,a,TEN,16,3400,Cardinals DST,38,13,51,2.5,54,win
1,2021,Def,NO,h,GB,15,3700,Saints DST,3,38,41,-4,49,win
1,2021,Def,PIT,a,BUF,14,4000,Steelers DST,23,16,39,6.5,48,win
1,2021,Def,PHI,a,ATL,10,3800,Eagles DST,32,6,38,3.5,49,win
1,2021,Def,SF,a,DET,10,5000,49ers DST,41,33,74,-9.5,46,win
1,2021,Def,CAR,h,NYJ,9,4600,Panthers DST,14,19,33,3.5,44.5,win
1,2021,Def,DEN,a,NYG,8,4100,Broncos DST,27,13,40,-3,41.5,win
1,2021,Def,LA,h,CHI,8,4900,Rams DST,14,34,48,9.5,46,win
1,2021,Def,LV,h,BAL,7,3200,Raiders DST,27,33,60,-3,50.5,win
1,2021,Def,HOU,h,JAX,7,3400,Texans DST,21,37,58,-3.5,45.5,win
1,2021,Def,DAL,a,TB,7,3400,Cowboys DST,29,31,60,10,52.5,loss
1,2021,Def,WAS,h,LAC,7,4200,Football Team,20,16,36,2.5,45.5,loss
1,2021,Def,SEA,a,IND,6,4800,Seahawks DST,28,16,44,-3,49,win
1,2021,Def,MIA,a,NE,6,4000,Dolphins DST,17,16,33,3.5,43.5,win
1,2021,Def,CIN,h,MIN,5,3000,Bengals DST,24,27,51,-3,47,win
1,2021,Def,KC,h,CLE,5,3600,Chiefs DST,29,33,62,5.5,54.5,win
1,2021,Def,MIN,a,CIN,5,3800,Vikings DST,24,27,51,-3,47,loss
1,2021,Def,NE,h,MIA,5,4400,Patriots DST,17,16,33,3.5,43.5,loss
1,2021,Def,NYJ,a,CAR,4,3500,Jets DST,14,19,33,3.5,44.5,loss
1,2021,Def,NYG,h,DEN,4,3700,Giants DST,27,13,40,-3,41.5,loss
1,2021,Def,BAL,a,LV,4,4500,Ravens DST,27,33,60,-3,50.5,loss
1,2021,Def,LAC,a,WAS,4,4300,Chargers DST,20,16,36,2.5,45.5,win
1,2021,Def,IND,h,SEA,4,4100,Colts DST,28,16,44,-3,49,loss
1,2021,Def,BUF,h,PIT,3,3600,Bills DST,23,16,39,6.5,48,loss
1,2021,Def,TB,h,DAL,2,4000,Buccaneers DST,29,31,60,10,52.5,win
1,2021,Def,DET,h,SF,1,3300,Lions DST,41,33,74,-9.5,46,loss
1,2021,Def,CLE,a,KC,1,3100,Browns DST,29,33,62,5.5,54.5,loss
1,2021,Def,ATL,h,PHI,0,3900,Falcons DST,32,6,38,3.5,49,loss
1,2021,Def,CHI,a,LA,0,3900,Bears DST,14,34,48,9.5,46,loss
1,2021,Def,TEN,h,ARI,0,3500,Titans DST,38,13,51,2.5,54,loss
1,2021,Def,JAX,a,HOU,-3,3900,Jaguars DST,21,37,58,-3.5,45.5,loss
1,2021,Def,GB,a,NO,-4,4500,Packers DST,3,38,41,-4,49,loss
2,2021,QB,ARI,h,MIN,35.1,8700,Kyler Murray,33,34,67,4,51,win
2,2021,QB,BAL,h,KC,34.26,8300,Lamar Jackson,35,36,71,-3.5,53.5,win
2,2021,QB,TB,h,ATL,29.64,8200,Tom Brady,25,48,73,13.5,52,win
2,2021,QB,NYG,a,WAS,29.46,6900,Daniel Jones,29,30,59,4,42,loss
2,2021,QB,GB,h,DET,26.8,8000,Aaron Rodgers,17,35,52,11.5,49.5,win
2,2021,QB,MIN,a,ARI,25.26,7400,Kirk Cousins,33,34,67,4,51,loss
2,2021,QB,KC,a,BAL,25.02,8600,Patrick Mahomes,35,36,71,-3.5,53.5,loss
2,2021,QB,LV,a,PIT,24.18,6500,Derek Carr,26,17,43,5.5,46.5,win
2,2021,QB,SEA,h,TEN,23.32,8500,Russell Wilson,33,30,63,6.5,53.5,loss
2,2021,QB,PHI,h,SF,21.8,7800,Jalen Hurts,17,11,28,-3,49,loss
2,2021,QB,DEN,a,JAX,21.22,7000,Teddy Bridgewater,23,13,36,-6,45,win
2,2021,QB,WAS,h,NYG,21.04,6700,Taylor Heinicke,29,30,59,4,42,win
2,2021,QB,CAR,h,NO,19.9,6600,Sam Darnold,7,26,33,-3,45,win
2,2021,QB,SF,a,PHI,19.56,6600,Jimmy Garoppolo,17,11,28,-3,49,win
2,2021,QB,DET,a,GB,19.44,6800,Jared Goff,17,35,52,11.5,49.5,loss
2,2021,QB,ATL,a,TB,19.3,6700,Matt Ryan,25,48,73,13.5,52,loss
2,2021,QB,IND,h,LA,18.58,6700,Carson Wentz,27,24,51,-4,48,loss
2,2021,QB,CLE,h,HOU,18.52,7100,Baker Mayfield,21,31,52,13.5,48.5,win
2,2021,QB,LA,a,IND,18.22,7500,Matthew Stafford,27,24,51,-4,48,win
2,2021,QB,BUF,a,MIA,17.66,8100,Josh Allen,35,0,35,-3.5,48,win
2,2021,QB,LAC,h,DAL,16.72,7600,Justin Herbert,20,17,37,3,55,loss
2,2021,QB,HOU,a,CLE,16.5,6800,Tyrod Taylor,21,31,52,13.5,48.5,loss
2,2021,QB,PIT,h,LV,14.8,7200,Ben Roethlisberger,26,17,43,5.5,46.5,loss
2,2021,QB,TEN,a,SEA,14.58,7300,Ryan Tannehill,33,30,63,6.5,53.5,win
2,2021,QB,CIN,a,CHI,13.28,7100,Joe Burrow,17,20,37,2,44.5,loss
2,2021,QB,NO,a,CAR,10.34,7700,Jameis Winston,7,26,33,-3,45,loss
2,2021,QB,JAX,h,DEN,8.82,6900,Trevor Lawrence,23,13,36,-6,45,loss
2,2021,QB,CHI,h,CIN,8.74,6500,Andy Dalton,17,20,37,2,44.5,win
2,2021,QB,DAL,a,LAC,8.48,8000,Dak Prescott,20,17,37,3,55,win
2,2021,QB,NE,a,NYJ,7.44,6800,Mac Jones,25,6,31,-5.5,43,win
2,2021,QB,HOU,a,CLE,6.98,6000,Davis Mills,21,31,52,13.5,48.5,loss
2,2021,QB,MIA,h,BUF,6.56,6300,Jacoby Brissett,35,0,35,-3.5,48,loss
2,2021,QB,NYJ,h,NE,6.3,6500,Zach Wilson,25,6,31,-5.5,43,loss
2,2021,QB,CHI,h,CIN,4.5,6400,Justin Fields,17,20,37,2,44.5,win
2,2021,QB,DEN,a,JAX,2,6000,Kendall Hinton,23,13,36,-6,45,win
2,2021,QB,NO,a,CAR,1.6,6400,Taysom Hill,7,26,33,-3,45,loss
2,2021,QB,MIA,h,BUF,0.52,6600,Tua Tagovailoa,35,0,35,-3.5,48,loss
2,2021,QB,CAR,h,NO,0,6100,PJ Walker,7,26,33,-3,45,win
2,2021,QB,IND,h,LA,0,6200,Jacob Eason,27,24,51,-4,48,loss
2,2021,QB,ATL,a,TB,0,6000,Josh Rosen,25,48,73,13.5,52,loss
2,2021,QB,BUF,a,MIA,-0.2,6300,Mitchell Trubisky,35,0,35,-3.5,48,win
2,2021,QB,TB,h,ATL,-0.3,6000,Blaine Gabbert,25,48,73,13.5,52,win
2,2021,QB,GB,h,DET,-0.3,6200,Jordan Love,17,35,52,11.5,49.5,win
2,2021,RB,TEN,a,SEA,44.7,8000,Derrick Henry,33,30,63,6.5,53.5,win
2,2021,RB,GB,h,DET,38.5,7000,Aaron Jones,17,35,52,11.5,49.5,win
2,2021,RB,CAR,h,NO,22.2,10000,Christian McCaffrey,7,26,33,-3,45,win
2,2021,RB,DAL,a,LAC,21.5,4800,Tony Pollard,20,17,37,3,55,win
2,2021,RB,LAC,h,DAL,18,7000,Austin Ekeler,20,17,37,3,55,loss
2,2021,RB,WAS,h,NYG,17.8,4900,JD McKissic,29,30,59,4,42,win
2,2021,RB,DAL,a,LAC,16.7,7500,Ezekiel Elliott,20,17,37,3,55,win
2,2021,RB,PIT,h,LV,16.6,6100,Najee Harris,26,17,43,5.5,46.5,loss
2,2021,RB,CLE,h,HOU,16.3,8400,Nick Chubb,21,31,52,13.5,48.5,win
2,2021,RB,BUF,a,MIA,16.1,5600,Devin Singletary,35,0,35,-3.5,48,win
2,2021,RB,MIN,a,ARI,15.8,9200,Dalvin Cook,33,34,67,4,51,loss
2,2021,RB,LA,a,IND,15.7,6400,Darrell Henderson,27,24,51,-4,48,win
2,2021,RB,NE,a,NYJ,15.5,4800,James White,25,6,31,-5.5,43,win
2,2021,RB,SEA,h,TEN,15.1,6700,Chris Carson,33,30,63,6.5,53.5,loss
2,2021,RB,BUF,a,MIA,14.4,5200,Zack Moss,35,0,35,-3.5,48,win
2,2021,RB,NE,a,NYJ,12.9,6200,Damien Harris,25,6,31,-5.5,43,win
2,2021,RB,CLE,h,HOU,12.1,4500,Demetric Felton,21,31,52,13.5,48.5,win
2,2021,RB,BAL,h,KC,10.3,5700,Ty'Son Williams,35,36,71,-3.5,53.5,win
2,2021,RB,ARI,h,MIN,10,6000,Chase Edmonds,33,34,67,4,51,win
2,2021,RB,ATL,a,TB,9.8,5500,Mike Davis,25,48,73,13.5,52,loss
2,2021,RB,NYJ,h,NE,9.8,4900,Michael Carter,25,6,31,-5.5,43,loss
2,2021,RB,DET,a,GB,9.8,6700,D'Andre Swift,17,35,52,11.5,49.5,loss
2,2021,RB,TB,h,ATL,9.6,5900,Leonard Fournette,25,48,73,13.5,52,win
2,2021,RB,BAL,h,KC,9.6,5300,Latavius Murray,35,36,71,-3.5,53.5,win
2,2021,RB,CHI,h,CIN,9.4,7300,David Montgomery,17,20,37,2,44.5,win
2,2021,RB,HOU,a,CLE,8.9,4900,Phillip Lindsay,21,31,52,13.5,48.5,loss
2,2021,RB,WAS,h,NYG,8.3,6600,Antonio Gibson,29,30,59,4,42,win
2,2021,RB,LV,a,PIT,8,5500,Kenyan Drake,26,17,43,5.5,46.5,win
2,2021,RB,DEN,a,JAX,7.9,5900,Melvin Gordon,23,13,36,-6,45,win
2,2021,RB,NYG,a,WAS,7.9,7200,Saquon Barkley,29,30,59,4,42,loss
2,2021,RB,SF,a,PHI,7.9,4900,JaMycal Hasty,17,11,28,-3,49,win
2,2021,RB,DEN,a,JAX,7.9,5500,Javonte Williams,23,13,36,-6,45,win
2,2021,RB,JAX,h,DEN,7.9,5500,James Robinson,23,13,36,-6,45,loss
2,2021,RB,CIN,a,CHI,7.6,7800,Joe Mixon,17,20,37,2,44.5,loss
2,2021,RB,MIA,h,BUF,6.6,5700,Myles Gaskin,35,0,35,-3.5,48,loss
2,2021,RB,PHI,h,SF,6.4,6300,Miles Sanders,17,11,28,-3,49,loss
2,2021,RB,SF,a,PHI,6.3,5800,Elijah Mitchell,17,11,28,-3,49,win
2,2021,RB,PHI,h,SF,6.2,5000,Kenny Gainwell,17,11,28,-3,49,loss
2,2021,RB,CLE,h,HOU,6,4500,Andy Janovich,21,31,52,13.5,48.5,win
2,2021,RB,CLE,h,HOU,5.8,5700,Kareem Hunt,21,31,52,13.5,48.5,win
2,2021,RB,KC,a,BAL,5.8,4900,Darrel Williams,35,36,71,-3.5,53.5,loss
2,2021,RB,IND,h,LA,5.8,7200,Jonathan Taylor,27,24,51,-4,48,loss
2,2021,RB,HOU,a,CLE,5.7,5300,David Johnson,21,31,52,13.5,48.5,loss
2,2021,RB,DET,a,GB,5.2,5400,Jamaal Williams,17,35,52,11.5,49.5,loss
2,2021,RB,NO,a,CAR,5,8800,Alvin Kamara,7,26,33,-3,45,loss
2,2021,RB,NYJ,h,NE,5,4700,Ty Johnson,25,6,31,-5.5,43,loss
2,2021,RB,LA,a,IND,4.6,5300,Sony Michel,27,24,51,-4,48,win
2,2021,RB,HOU,a,CLE,4.5,5600,Mark Ingram,21,31,52,13.5,48.5,loss
2,2021,RB,TEN,a,SEA,4.4,4700,Jeremy McNichols,33,30,63,6.5,53.5,win
2,2021,RB,TB,h,ATL,4.1,5300,Ronald Jones,25,48,73,13.5,52,win
2,2021,RB,LAC,h,DAL,3.4,4600,Justin Jackson,20,17,37,3,55,loss
2,2021,RB,MIN,a,ARI,3.3,4700,Alexander Mattison,33,34,67,4,51,loss
2,2021,RB,LV,a,PIT,3.2,5000,Peyton Barber,26,17,43,5.5,46.5,win
2,2021,RB,GB,h,DET,3.1,5200,AJ Dillon,17,35,52,11.5,49.5,win
2,2021,RB,BAL,h,KC,2.9,4900,Devonta Freeman,35,36,71,-3.5,53.5,win
2,2021,RB,IND,h,LA,2.7,5100,Nyheim Hines,27,24,51,-4,48,loss
2,2021,RB,SF,a,PHI,2.7,4500,Kyle Juszczyk,17,11,28,-3,49,win
2,2021,RB,KC,a,BAL,2.6,5900,Clyde Edwards-Helaire,35,36,71,-3.5,53.5,loss
2,2021,RB,TB,h,ATL,2.6,4600,Giovani Bernard,25,48,73,13.5,52,win
2,2021,RB,ARI,h,MIN,2.6,5500,James Conner,33,34,67,4,51,win
2,2021,RB,SEA,h,TEN,2.5,4500,Alex Collins,33,30,63,6.5,53.5,loss
2,2021,RB,NYJ,h,NE,2.4,5000,Tevin Coleman,25,6,31,-5.5,43,loss
2,2021,RB,SEA,h,TEN,2.4,4500,Travis Homer,33,30,63,6.5,53.5,loss
2,2021,RB,MIA,h,BUF,2.1,4700,Malcolm Brown,35,0,35,-3.5,48,loss
2,2021,RB,CIN,a,CHI,1.9,4500,Chris Evans,17,20,37,2,44.5,loss
2,2021,RB,KC,a,BAL,1.9,4600,Jerick McKinnon,35,36,71,-3.5,53.5,loss
2,2021,RB,MIA,h,BUF,1.7,4800,Salvon Ahmed,35,0,35,-3.5,48,loss
2,2021,RB,KC,a,BAL,1.6,4500,Michael Burton,35,36,71,-3.5,53.5,loss
2,2021,RB,IND,h,LA,1.6,4600,Marlon Mack,27,24,51,-4,48,loss
2,2021,RB,NYG,a,WAS,1.6,5100,Devontae Booker,29,30,59,4,42,loss
2,2021,RB,CHI,h,CIN,1.4,5300,Damien Williams,17,20,37,2,44.5,win
2,2021,RB,CAR,h,NO,1,4600,Chuba Hubbard,7,26,33,-3,45,win
2,2021,RB,SF,a,PHI,0.8,5500,Trey Sermon,17,11,28,-3,49,win
2,2021,RB,GB,h,DET,0.8,4600,Kylin Hill,17,35,52,11.5,49.5,win
2,2021,RB,NO,a,CAR,0.8,4700,Ty Montgomery,7,26,33,-3,45,loss
2,2021,RB,NO,a,CAR,0.7,4900,Tony Jones,7,26,33,-3,45,loss
2,2021,RB,JAX,h,DEN,0.7,5400,Carlos Hyde,23,13,36,-6,45,loss
2,2021,RB,NYG,a,WAS,0.5,4500,Elijhaa Penny,29,30,59,4,42,loss
2,2021,RB,NE,a,NYJ,0.3,4500,JJ Taylor,25,6,31,-5.5,43,win
2,2021,RB,ATL,a,TB,0.3,4500,Keith Smith,25,48,73,13.5,52,loss
2,2021,RB,LAC,h,DAL,0.3,4900,Larry Rountree,20,17,37,3,55,loss
2,2021,RB,BAL,h,KC,0.2,4500,Patrick Ricard,35,36,71,-3.5,53.5,win
2,2021,RB,PIT,h,LV,0.1,4500,Benny Snell,26,17,43,5.5,46.5,loss
2,2021,RB,NO,a,CAR,0,4500,Dwayne Washington,7,26,33,-3,45,loss
2,2021,RB,NE,a,NYJ,0,4500,Jakob Johnson,25,6,31,-5.5,43,win
2,2021,RB,SEA,h,TEN,0,4500,Nick Bellore,33,30,63,6.5,53.5,loss
2,2021,RB,MIN,a,ARI,0,4500,CJ Ham,33,34,67,4,51,loss
2,2021,RB,HOU,a,CLE,0,4500,Rex Burkhead,21,31,52,13.5,48.5,loss
2,2021,RB,IND,h,LA,0,4500,Jordan Wilkins,27,24,51,-4,48,loss
2,2021,RB,SEA,h,TEN,0,4600,DeeJay Dallas,33,30,63,6.5,53.5,loss
2,2021,RB,TEN,a,SEA,0,4500,Khari Blasingame,33,30,63,6.5,53.5,win
2,2021,RB,NYG,a,WAS,0,4500,Cullen Gillaspia,29,30,59,4,42,loss
2,2021,RB,MIN,a,ARI,0,4600,Ameer Abdullah,33,34,67,4,51,loss
2,2021,RB,PHI,h,SF,0,4500,Boston Scott,17,11,28,-3,49,loss
2,2021,RB,CHI,h,CIN,0,4900,Khalil Herbert,17,20,37,2,44.5,win
2,2021,RB,HOU,a,CLE,0,4500,Scottie Phillips,21,31,52,13.5,48.5,loss
2,2021,RB,LA,a,IND,0,5000,Jake Funk,27,24,51,-4,48,win
2,2021,RB,NE,a,NYJ,0,4500,Brandon Bolden,25,6,31,-5.5,43,win
2,2021,RB,CLE,h,HOU,0,4500,D'Ernest Johnson,21,31,52,13.5,48.5,win
2,2021,RB,PIT,h,LV,0,4500,Kalen Ballage,26,17,43,5.5,46.5,loss
2,2021,RB,TEN,a,SEA,0,4500,Mekhi Sargent,33,30,63,6.5,53.5,win
2,2021,RB,BUF,a,MIA,0,4700,Matt Breida,35,0,35,-3.5,48,win
2,2021,RB,PIT,h,LV,0,4500,Derek Watt,26,17,43,5.5,46.5,loss
2,2021,RB,NYG,a,WAS,0,4600,Gary Brightwell,29,30,59,4,42,loss
2,2021,RB,JAX,h,DEN,0,4500,Dare Ogunbowale,23,13,36,-6,45,loss
2,2021,RB,NO,a,CAR,0,4500,Alex Armah,7,26,33,-3,45,loss
2,2021,RB,DEN,a,JAX,0,4500,Damarea Crockett,23,13,36,-6,45,win
2,2021,RB,BUF,a,MIA,0,4500,Taiwan Jones,35,0,35,-3.5,48,win
2,2021,RB,CIN,a,CHI,0,4700,Samaje Perine,17,20,37,2,44.5,loss
2,2021,RB,CAR,h,NO,0,4500,Royce Freeman,7,26,33,-3,45,win
2,2021,RB,ARI,h,MIN,0,4500,Jonathan Ward,33,34,67,4,51,win
2,2021,RB,LV,a,PIT,0,4500,Alec Ingold,26,17,43,5.5,46.5,win
2,2021,RB,DAL,a,LAC,0,4500,Corey Clement,20,17,37,3,55,win
2,2021,RB,LAC,h,DAL,0,4500,Gabe Nabers,20,17,37,3,55,loss
2,2021,RB,WAS,h,NYG,0,4500,Jaret Patterson,29,30,59,4,42,win
2,2021,RB,SF,a,PHI,-0.1,4700,Trenton Cannon,17,11,28,-3,49,win
2,2021,WR,LA,a,IND,32.3,6200,Cooper Kupp,27,24,51,-4,48,win
2,2021,WR,SEA,h,TEN,27.8,7200,Tyler Lockett,33,30,63,6.5,53.5,loss
2,2021,WR,WAS,h,NYG,22.2,6500,Terry McLaurin,29,30,59,4,42,win
2,2021,WR,TB,h,ATL,22,6700,Mike Evans,25,48,73,13.5,52,win
2,2021,WR,ATL,a,TB,21.4,5200,Cordarrelle Patterson,25,48,73,13.5,52,loss
2,2021,WR,ARI,h,MIN,20.9,4900,Rondale Moore,33,34,67,4,51,win
2,2021,WR,DEN,a,JAX,20.4,6200,Courtland Sutton,23,13,36,-6,45,win
2,2021,WR,BAL,h,KC,20.3,6200,Marquise Brown,35,36,71,-3.5,53.5,win
2,2021,WR,LV,a,PIT,20,5500,Henry Ruggs,26,17,43,5.5,46.5,win
2,2021,WR,LAC,h,DAL,18.6,5600,Mike Williams,20,17,37,3,55,loss
2,2021,WR,SEA,h,TEN,18.5,4500,Freddie Swain,33,30,63,6.5,53.5,loss
2,2021,WR,HOU,a,CLE,18.3,6600,Brandin Cooks,21,31,52,13.5,48.5,loss
2,2021,WR,CAR,h,NO,17.9,6700,DJ Moore,7,26,33,-3,45,win
2,2021,WR,MIN,a,ARI,17.6,4600,KJ Osborn,33,34,67,4,51,loss
2,2021,WR,IND,h,LA,16.3,5200,Michael Pittman,27,24,51,-4,48,loss
2,2021,WR,GB,h,DET,16.1,8300,Davante Adams,17,35,52,11.5,49.5,win
2,2021,WR,ATL,a,TB,15.8,7700,Calvin Ridley,25,48,73,13.5,52,loss
2,2021,WR,TEN,a,SEA,15.8,6300,Julio Jones,33,30,63,6.5,53.5,win
2,2021,WR,MIN,a,ARI,15.5,7300,Justin Jefferson,33,34,67,4,51,loss
2,2021,WR,PIT,h,LV,15,6600,Diontae Johnson,26,17,43,5.5,46.5,loss
2,2021,WR,JAX,h,DEN,14.5,6100,Marvin Jones,23,13,36,-6,45,loss
2,2021,WR,DET,a,GB,14.3,5200,Quintez Cephus,17,35,52,11.5,49.5,loss
2,2021,WR,TB,h,ATL,14.2,8000,Chris Godwin,25,48,73,13.5,52,win
2,2021,WR,BUF,a,MIA,14,7500,Stefon Diggs,35,0,35,-3.5,48,win
2,2021,WR,DAL,a,LAC,13.4,6800,CeeDee Lamb,20,17,37,3,55,win
2,2021,WR,ARI,h,MIN,13.4,8500,DeAndre Hopkins,33,34,67,4,51,win
2,2021,WR,PIT,h,LV,13.4,6000,JuJu Smith-Schuster,26,17,43,5.5,46.5,loss
2,2021,WR,KC,a,BAL,13.3,4700,Byron Pringle,35,36,71,-3.5,53.5,loss
2,2021,WR,SF,a,PHI,13.1,6900,Deebo Samuel,17,11,28,-3,49,win
2,2021,WR,CIN,a,CHI,13,6000,Tee Higgins,17,20,37,2,44.5,loss
2,2021,WR,NYG,a,WAS,13,6100,Sterling Shepard,29,30,59,4,42,loss
2,2021,WR,NYG,a,WAS,12.9,5200,Darius Slayton,29,30,59,4,42,loss
2,2021,WR,MIN,a,ARI,12.9,7600,Adam Thielen,33,34,67,4,51,loss
2,2021,WR,LAC,h,DAL,12.8,7400,Keenan Allen,20,17,37,3,55,loss
2,2021,WR,PHI,h,SF,12.7,4800,Quez Watkins,17,11,28,-3,49,loss
2,2021,WR,CIN,a,CHI,12.4,5500,Ja'Marr Chase,17,20,37,2,44.5,loss
2,2021,WR,IND,h,LA,12.3,5100,Zach Pascal,27,24,51,-4,48,loss
2,2021,WR,KC,a,BAL,12.1,4700,Demarcus Robinson,35,36,71,-3.5,53.5,loss
2,2021,WR,CAR,h,NO,11.9,4500,Brandon Zylstra,7,26,33,-3,45,win
2,2021,WR,ARI,h,MIN,11.9,5300,AJ Green,33,34,67,4,51,win
2,2021,WR,DEN,a,JAX,11.2,5400,Tim Patrick,23,13,36,-6,45,win
2,2021,WR,CIN,a,CHI,10.8,5700,Tyler Boyd,17,20,37,2,44.5,loss
2,2021,WR,NYJ,h,NE,10.8,4700,Braxton Berrios,25,6,31,-5.5,43,loss
2,2021,WR,CHI,h,CIN,9.6,5500,Darnell Mooney,17,20,37,2,44.5,win
2,2021,WR,LA,a,IND,9.5,6500,Robert Woods,27,24,51,-4,48,win
2,2021,WR,CHI,h,CIN,9.4,7200,Allen Robinson,17,20,37,2,44.5,win
2,2021,WR,SF,a,PHI,8.7,4500,Jauan Jennings,17,11,28,-3,49,win
2,2021,WR,SEA,h,TEN,8.3,7000,DK Metcalf,33,30,63,6.5,53.5,loss
2,2021,WR,LV,a,PIT,8.2,5000,Hunter Renfrow,26,17,43,5.5,46.5,win
2,2021,WR,PIT,h,LV,8.2,5900,Chase Claypool,26,17,43,5.5,46.5,loss
2,2021,WR,ARI,h,MIN,8,5600,Christian Kirk,33,34,67,4,51,win
2,2021,WR,KC,a,BAL,8,5200,Mecole Hardman,35,36,71,-3.5,53.5,loss
2,2021,WR,WAS,h,NYG,7.9,4900,Adam Humphries,29,30,59,4,42,win
2,2021,WR,MIA,h,BUF,6.7,5800,DeVante Parker,35,0,35,-3.5,48,loss
2,2021,WR,NYJ,h,NE,6.7,5000,Elijah Moore,25,6,31,-5.5,43,loss
2,2021,WR,BAL,h,KC,6.4,5300,Sammy Watkins,35,36,71,-3.5,53.5,win
2,2021,WR,JAX,h,DEN,6,4500,Jamal Agnew,23,13,36,-6,45,loss
2,2021,WR,BAL,h,KC,6,5100,Devin Duvernay,35,36,71,-3.5,53.5,win
2,2021,WR,BUF,a,MIA,5.8,5100,Emmanuel Sanders,35,0,35,-3.5,48,win
2,2021,WR,TEN,a,SEA,5.8,7100,AJ Brown,33,30,63,6.5,53.5,win
2,2021,WR,MIA,h,BUF,5.8,5500,Jaylen Waddle,35,0,35,-3.5,48,loss
2,2021,WR,NE,a,NYJ,5.8,5500,Jakobi Meyers,25,6,31,-5.5,43,win
2,2021,WR,BUF,a,MIA,5.6,5400,Cole Beasley,35,0,35,-3.5,48,win
2,2021,WR,LV,a,PIT,5.5,4900,Bryan Edwards,26,17,43,5.5,46.5,win
2,2021,WR,CAR,h,NO,5.3,6300,Robby Anderson,7,26,33,-3,45,win
2,2021,WR,ATL,a,TB,5.3,5200,Russell Gage,25,48,73,13.5,52,loss
2,2021,WR,NYG,a,WAS,5.3,5900,Kenny Golladay,29,30,59,4,42,loss
2,2021,WR,WAS,h,NYG,4.9,4800,Dyami Brown,29,30,59,4,42,win
2,2021,WR,KC,a,BAL,4.4,8700,Tyreek Hill,35,36,71,-3.5,53.5,loss
2,2021,WR,GB,h,DET,4.1,5000,Randall Cobb,17,35,52,11.5,49.5,win
2,2021,WR,MIA,h,BUF,4,4500,Albert Wilson,35,0,35,-3.5,48,loss
2,2021,WR,NYJ,h,NE,4,4500,Jeff Smith,25,6,31,-5.5,43,loss
2,2021,WR,DAL,a,LAC,3.9,7800,Amari Cooper,20,17,37,3,55,win
2,2021,WR,CLE,h,HOU,3.7,4700,Rashard Higgins,21,31,52,13.5,48.5,win
2,2021,WR,HOU,a,CLE,3.7,4800,Nico Collins,21,31,52,13.5,48.5,loss
2,2021,WR,NE,a,NYJ,3.6,4700,Kendrick Bourne,25,6,31,-5.5,43,win
2,2021,WR,NE,a,NYJ,3.6,5800,Nelson Agholor,25,6,31,-5.5,43,win
2,2021,WR,DAL,a,LAC,3.5,4900,Cedrick Wilson,20,17,37,3,55,win
2,2021,WR,DET,a,GB,3.3,5000,Amon-Ra St,17,35,52,11.5,49.5,loss
2,2021,WR,TEN,a,SEA,3.2,4600,Chester Rogers,33,30,63,6.5,53.5,win
2,2021,WR,LAC,h,DAL,3.2,4800,Jalen Guyton,20,17,37,3,55,loss
2,2021,WR,ATL,a,TB,3.2,4500,Olamide Zaccheaus,25,48,73,13.5,52,loss
2,2021,WR,CAR,h,NO,3.2,5000,Terrace Marshall,7,26,33,-3,45,win
2,2021,WR,NO,a,CAR,3.2,4700,Lil'Jordan Humphrey,7,26,33,-3,45,loss
2,2021,WR,LAC,h,DAL,3.1,4900,Josh Palmer,20,17,37,3,55,loss
2,2021,WR,DET,a,GB,2.9,4600,Trinity Benson,17,35,52,11.5,49.5,loss
2,2021,WR,DET,a,GB,2.8,4900,Kalif Raymond,17,35,52,11.5,49.5,loss
2,2021,WR,PHI,h,SF,2.6,5600,Devonta Smith,17,11,28,-3,49,loss
2,2021,WR,JAX,h,DEN,2.4,6000,DJ Chark,23,13,36,-6,45,loss
2,2021,WR,TB,h,ATL,2.2,6400,Antonio Brown,25,48,73,13.5,52,win
2,2021,WR,NO,a,CAR,2.1,4900,Chris Hogan,7,26,33,-3,45,loss
2,2021,WR,HOU,a,CLE,2,4500,Andre Roberts,21,31,52,13.5,48.5,loss
2,2021,WR,LV,a,PIT,1.9,4800,Willie Snead,26,17,43,5.5,46.5,win
2,2021,WR,LA,a,IND,1.9,4900,Van Jefferson,27,24,51,-4,48,win
2,2021,WR,HOU,a,CLE,1.8,4900,Chris Conley,21,31,52,13.5,48.5,loss
2,2021,WR,NO,a,CAR,1.8,5700,Marquez Callaway,7,26,33,-3,45,loss
2,2021,WR,NYJ,h,NE,1.8,6400,Corey Davis,25,6,31,-5.5,43,loss
2,2021,WR,CHI,h,CIN,1.5,4700,Marquise Goodwin,17,20,37,2,44.5,win
2,2021,WR,PHI,h,SF,1.5,5200,Jalen Reagor,17,11,28,-3,49,loss
2,2021,WR,IND,h,LA,1.5,4500,Ashton Dulin,27,24,51,-4,48,loss
2,2021,WR,NO,a,CAR,1.5,5400,Deonte Harris,7,26,33,-3,45,loss
2,2021,WR,CLE,h,HOU,1.4,6800,Jarvis Landry,21,31,52,13.5,48.5,win
2,2021,WR,SF,a,PHI,1.4,4700,Trent Sherfield,17,11,28,-3,49,win
2,2021,WR,HOU,a,CLE,1.4,4700,Danny Amendola,21,31,52,13.5,48.5,loss
2,2021,WR,ATL,a,TB,1.3,4500,Tajae Sharpe,25,48,73,13.5,52,loss
2,2021,WR,ATL,a,TB,1.3,4700,Christian Blake,25,48,73,13.5,52,loss
2,2021,WR,SF,a,PHI,1.1,5900,Brandon Aiyuk,17,11,28,-3,49,win
2,2021,WR,TEN,a,SEA,1.1,4500,Nick Westbrook,33,30,63,6.5,53.5,win
2,2021,WR,DEN,a,JAX,1,5500,KJ Hamler,23,13,36,-6,45,win
2,2021,WR,TB,h,ATL,1,4500,Tyler Johnson,25,48,73,13.5,52,win
2,2021,WR,JAX,h,DEN,0.7,5600,Laviska Shenault,23,13,36,-6,45,loss
2,2021,WR,MIA,h,BUF,0.7,4800,Preston Williams,35,0,35,-3.5,48,loss
2,2021,WR,NYG,a,WAS,0.6,4600,CJ Board,29,30,59,4,42,loss
2,2021,WR,BUF,a,MIA,0.6,4600,Isaiah McKenzie,35,0,35,-3.5,48,win
2,2021,WR,GB,h,DET,0.5,4600,Equanimeous St,17,35,52,11.5,49.5,win
2,2021,WR,WAS,h,NYG,0.2,4500,DeAndre Carter,29,30,59,4,42,win
2,2021,WR,KC,a,BAL,0,4500,Marcus Kemp,35,36,71,-3.5,53.5,loss
2,2021,WR,MIA,h,BUF,0,4500,Mack Hollins,35,0,35,-3.5,48,loss
2,2021,WR,LV,a,PIT,0,4500,Zay Jones,26,17,43,5.5,46.5,win
2,2021,WR,MIN,a,ARI,0,4500,Dede Westbrook,33,34,67,4,51,loss
2,2021,WR,NE,a,NYJ,0,4500,Gunner Olszewski,25,6,31,-5.5,43,win
2,2021,WR,LA,a,IND,0,5300,DeSean Jackson,27,24,51,-4,48,win
2,2021,WR,CAR,h,NO,0,4500,Alex Erickson,7,26,33,-3,45,win
2,2021,WR,CHI,h,CIN,0,5100,Damiere Byrd,17,20,37,2,44.5,win
2,2021,WR,BAL,h,KC,0,4600,James Proche,35,36,71,-3.5,53.5,win
2,2021,WR,JAX,h,DEN,0,4600,Tyron Johnson,23,13,36,-6,45,loss
2,2021,WR,SEA,h,TEN,0,4500,Penny Hart,33,30,63,6.5,53.5,loss
2,2021,WR,GB,h,DET,0,4500,Malik Taylor,17,35,52,11.5,49.5,win
2,2021,WR,PHI,h,SF,0,4500,Greg Ward,17,11,28,-3,49,loss
2,2021,WR,IND,h,LA,0,4500,De'Michael Harris,27,24,51,-4,48,loss
2,2021,WR,LAC,h,DAL,0,4600,KJ Hill,20,17,37,3,55,loss
2,2021,WR,MIN,a,ARI,0,4500,Ihmir Smith-Marsette,33,34,67,4,51,loss
2,2021,WR,BAL,h,KC,0,4500,Tylan Wallace,35,36,71,-3.5,53.5,win
2,2021,WR,CIN,a,CHI,0,4500,Mike Thomas,17,20,37,2,44.5,loss
2,2021,WR,TB,h,ATL,0,4800,Scott Miller,25,48,73,13.5,52,win
2,2021,WR,GB,h,DET,0,5300,Allen Lazard,17,35,52,11.5,49.5,win
2,2021,WR,DEN,a,JAX,0,4500,Diontae Spencer,23,13,36,-6,45,win
2,2021,WR,DAL,a,LAC,0,4500,Noah Brown,20,17,37,3,55,win
2,2021,WR,TB,h,ATL,0,4500,Jaydon Mickens,25,48,73,13.5,52,win
2,2021,WR,NYG,a,WAS,0,4600,Kadarius Toney,29,30,59,4,42,loss
2,2021,WR,CIN,a,CHI,0,4500,Stanley Morgan,17,20,37,2,44.5,loss
2,2021,WR,CIN,a,CHI,0,4500,Auden Tate,17,20,37,2,44.5,loss
2,2021,WR,SF,a,PHI,0,4700,Mohamed Sanu,17,11,28,-3,49,win
2,2021,WR,PIT,h,LV,0,4900,James Washington,26,17,43,5.5,46.5,loss
2,2021,WR,DET,a,GB,0,4500,KhaDarel Hodge,17,35,52,11.5,49.5,loss
2,2021,WR,BUF,a,MIA,0,4900,Gabriel Davis,35,0,35,-3.5,48,win
2,2021,WR,JAX,h,DEN,0,4500,Laquon Treadwell,23,13,36,-6,45,loss
2,2021,WR,WAS,h,NYG,0,4600,Cam Sims,29,30,59,4,42,win
2,2021,WR,GB,h,DET,0,5200,Marquez Valdes-Scantling,17,35,52,11.5,49.5,win
2,2021,WR,BUF,a,MIA,0,4500,Jake Kumerow,35,0,35,-3.5,48,win
2,2021,WR,NE,a,NYJ,0,4500,Matthew Slater,25,6,31,-5.5,43,win
2,2021,WR,PHI,h,SF,0,4500,JJ Arcega-Whiteside,17,11,28,-3,49,loss
2,2021,WR,IND,h,LA,0,4600,Mike Strachan,27,24,51,-4,48,loss
2,2021,WR,TEN,a,SEA,0,4500,Josh Reynolds,33,30,63,6.5,53.5,win
2,2021,WR,ARI,h,MIN,0,4500,Andy Isabella,33,34,67,4,51,win
2,2021,WR,PIT,h,LV,0,4500,Ray-Ray McCloud,26,17,43,5.5,46.5,loss
2,2021,WR,CHI,h,CIN,0,4500,Nsimba Webster,17,20,37,2,44.5,win
2,2021,WR,NYJ,h,NE,0,4500,Keelan Cole,25,6,31,-5.5,43,loss
2,2021,WR,GB,h,DET,0,4600,Amari Rodgers,17,35,52,11.5,49.5,win
2,2021,WR,CLE,h,HOU,0,4800,Anthony Schwartz,21,31,52,13.5,48.5,win
2,2021,WR,LA,a,IND,0,4600,Tutu Atwell,27,24,51,-4,48,win
2,2021,WR,CLE,h,HOU,-0.1,5000,Donovan Peoples-Jones,21,31,52,13.5,48.5,win
2,2021,WR,MIA,h,BUF,-1.5,4500,Jakeem Grant,35,0,35,-3.5,48,loss
2,2021,TE,KC,a,BAL,20.4,8500,Travis Kelce,35,36,71,-3.5,53.5,loss
2,2021,TE,TB,h,ATL,17.9,5800,Rob Gronkowski,25,48,73,13.5,52,win
2,2021,TE,DET,a,GB,16.6,6400,TJ Hockenson,17,35,52,11.5,49.5,loss
2,2021,TE,ARI,h,MIN,12.9,4100,Maxx Williams,33,34,67,4,51,win
2,2021,TE,GB,h,DET,12.7,5000,Robert Tonyan,17,35,52,11.5,49.5,win
2,2021,TE,DEN,a,JAX,11.3,5700,Noah Fant,23,13,36,-6,45,win
2,2021,TE,IND,h,LA,10.9,4600,Jack Doyle,27,24,51,-4,48,loss
2,2021,TE,LV,a,PIT,10.4,4300,Foster Moreau,26,17,43,5.5,46.5,win
2,2021,TE,ATL,a,TB,9.8,5500,Kyle Pitts,25,48,73,13.5,52,loss
2,2021,TE,LV,a,PIT,9,7000,Darren Waller,26,17,43,5.5,46.5,win
2,2021,TE,BUF,a,MIA,8.7,5200,Dawson Knox,35,0,35,-3.5,48,win
2,2021,TE,WAS,h,NYG,8.4,4100,Ricky Seals-Jones,29,30,59,4,42,win
2,2021,TE,BAL,h,KC,8.2,6200,Mark Andrews,35,36,71,-3.5,53.5,win
2,2021,TE,WAS,h,NYG,7,5500,Logan Thomas,29,30,59,4,42,win
2,2021,TE,CAR,h,NO,7,4400,Dan Arnold,7,26,33,-3,45,win
2,2021,TE,CLE,h,HOU,6.9,4600,Harrison Bryant,21,31,52,13.5,48.5,win
2,2021,TE,CLE,h,HOU,6.5,5200,Austin Hooper,21,31,52,13.5,48.5,win
2,2021,TE,TEN,a,SEA,5.8,4000,MyCole Pruitt,33,30,63,6.5,53.5,win
2,2021,TE,MIA,h,BUF,5.6,5300,Mike Gesicki,35,0,35,-3.5,48,loss
2,2021,TE,PIT,h,LV,5.6,4200,Pat Freiermuth,26,17,43,5.5,46.5,loss
2,2021,TE,DAL,a,LAC,5.2,4400,Blake Jarwin,20,17,37,3,55,win
2,2021,TE,NE,a,NYJ,5.2,5100,Hunter Henry,25,6,31,-5.5,43,win
2,2021,TE,NE,a,NYJ,4.8,5300,Jonnu Smith,25,6,31,-5.5,43,win
2,2021,TE,DEN,a,JAX,4.4,4800,Albert Okwuegbunam,23,13,36,-6,45,win
2,2021,TE,LAC,h,DAL,4.3,5400,Jared Cook,20,17,37,3,55,loss
2,2021,TE,SF,a,PHI,3.7,6700,George Kittle,17,11,28,-3,49,win
2,2021,TE,NYG,a,WAS,3.5,4600,Kyle Rudolph,29,30,59,4,42,loss
2,2021,TE,PHI,h,SF,3.4,5800,Dallas Goedert,17,11,28,-3,49,loss
2,2021,TE,NYG,a,WAS,3.4,4200,Kaden Smith,29,30,59,4,42,loss
2,2021,TE,JAX,h,DEN,2.9,4400,James O'Shaughnessy,23,13,36,-6,45,loss
2,2021,TE,NO,a,CAR,2.8,5100,Juwan Johnson,7,26,33,-3,45,loss
2,2021,TE,DAL,a,LAC,2.8,4800,Dalton Schultz,20,17,37,3,55,win
2,2021,TE,CLE,h,HOU,2.8,4800,David Njoku,21,31,52,13.5,48.5,win
2,2021,TE,TB,h,ATL,2.6,4700,OJ Howard,25,48,73,13.5,52,win
2,2021,TE,KC,a,BAL,2.5,4100,Blake Bell,35,36,71,-3.5,53.5,loss
2,2021,TE,MIN,a,ARI,2.5,5000,Tyler Conklin,33,34,67,4,51,loss
2,2021,TE,LV,a,PIT,2.3,4000,Derek Carrier,26,17,43,5.5,46.5,win
2,2021,TE,IND,h,LA,2.3,4500,Mo Alie-Cox,27,24,51,-4,48,loss
2,2021,TE,HOU,a,CLE,2.2,4800,Jordan Akins,21,31,52,13.5,48.5,loss
2,2021,TE,TEN,a,SEA,2,4200,Geoff Swaim,33,30,63,6.5,53.5,win
2,2021,TE,NYJ,h,NE,2,4000,Ryan Griffin,25,6,31,-5.5,43,loss
2,2021,TE,TEN,a,SEA,1.9,4000,Tommy Hudson,33,30,63,6.5,53.5,win
2,2021,TE,LAC,h,DAL,1.9,4000,Stephen Anderson,20,17,37,3,55,loss
2,2021,TE,KC,a,BAL,1.6,4000,Jody Fortson,35,36,71,-3.5,53.5,loss
2,2021,TE,BAL,h,KC,1.4,4100,Josh Oliver,35,36,71,-3.5,53.5,win
2,2021,TE,CIN,a,CHI,1.4,4700,CJ Uzomah,17,20,37,2,44.5,loss
2,2021,TE,ATL,a,TB,1.4,4100,Lee Smith,25,48,73,13.5,52,loss
2,2021,TE,LA,a,IND,1.3,5600,Tyler Higbee,27,24,51,-4,48,win
2,2021,TE,MIA,h,BUF,1.3,4000,Cethan Carter,35,0,35,-3.5,48,loss
2,2021,TE,NYJ,h,NE,1.3,4700,Tyler Kroft,25,6,31,-5.5,43,loss
2,2021,TE,TB,h,ATL,1.3,4300,Cameron Brate,25,48,73,13.5,52,win
2,2021,TE,CAR,h,NO,1.2,4200,Ian Thomas,7,26,33,-3,45,win
2,2021,TE,DEN,a,JAX,1.2,4000,Eric Saubert,23,13,36,-6,45,win
2,2021,TE,PHI,h,SF,1.1,4900,Zach Ertz,17,11,28,-3,49,loss
2,2021,TE,ATL,a,TB,1.1,4800,Hayden Hurst,25,48,73,13.5,52,loss
2,2021,TE,JAX,h,DEN,1.1,4000,Luke Farrell,23,13,36,-6,45,loss
2,2021,TE,SEA,h,TEN,0.8,5000,Gerald Everett,33,30,63,6.5,53.5,loss
2,2021,TE,CHI,h,CIN,0.5,5100,Cole Kmet,17,20,37,2,44.5,win
2,2021,TE,BUF,a,MIA,0.2,4000,Reggie Gilliam,35,0,35,-3.5,48,win
2,2021,TE,DAL,a,LAC,0,4100,Jeremy Sprinkle,20,17,37,3,55,win
2,2021,TE,NO,a,CAR,0,4000,Garrett Griffin,7,26,33,-3,45,loss
2,2021,TE,CHI,h,CIN,0,5000,Jimmy Graham,17,20,37,2,44.5,win
2,2021,TE,MIN,a,ARI,0,4000,Ben Ellefson,33,34,67,4,51,loss
2,2021,TE,JAX,h,DEN,0,4500,Chris Manhertz,23,13,36,-6,45,loss
2,2021,TE,CHI,h,CIN,0,4200,Jesse James,17,20,37,2,44.5,win
2,2021,TE,DET,a,GB,0,4200,Darren Fells,17,35,52,11.5,49.5,loss
2,2021,TE,HOU,a,CLE,0,4000,Antony Auclair,21,31,52,13.5,48.5,loss
2,2021,TE,GB,h,DET,0,4200,Marcedes Lewis,17,35,52,11.5,49.5,win
2,2021,TE,KC,a,BAL,0,4000,James Winchester,35,36,71,-3.5,53.5,loss
2,2021,TE,BUF,a,MIA,0,4100,Tommy Sweeney,35,0,35,-3.5,48,win
2,2021,TE,MIA,h,BUF,0,4100,Adam Shaheen,35,0,35,-3.5,48,loss
2,2021,TE,HOU,a,CLE,0,4600,Pharaoh Brown,21,31,52,13.5,48.5,loss
2,2021,TE,BAL,h,KC,0,4000,Eric Tomlinson,35,36,71,-3.5,53.5,win
2,2021,TE,NO,a,CAR,0,4500,Adam Trautman,7,26,33,-3,45,loss
2,2021,TE,ARI,h,MIN,0,4000,Demetrius Harris,33,34,67,4,51,win
2,2021,TE,PIT,h,LV,0,4900,Eric Ebron,26,17,43,5.5,46.5,loss
2,2021,TE,CAR,h,NO,0,4100,Tommy Tremble,7,26,33,-3,45,win
2,2021,TE,MIN,a,ARI,0,4200,Chris Herndon,33,34,67,4,51,loss
2,2021,TE,CIN,a,CHI,0,4200,Drew Sample,17,20,37,2,44.5,loss
2,2021,TE,LA,a,IND,0,4000,Johnny Mundt,27,24,51,-4,48,win
2,2021,TE,CHI,h,CIN,0,4000,JP Holtz,17,20,37,2,44.5,win
2,2021,TE,GB,h,DET,0,4100,Dominique Dafney,17,35,52,11.5,49.5,win
2,2021,TE,LAC,h,DAL,0,4100,Donald Parham,20,17,37,3,55,loss
2,2021,TE,SEA,h,TEN,0,4200,Will Dissly,33,30,63,6.5,53.5,loss
2,2021,TE,PIT,h,LV,0,4000,Zach Gentry,26,17,43,5.5,46.5,loss
2,2021,TE,ARI,h,MIN,0,4000,Darrell Daniels,33,34,67,4,51,win
2,2021,TE,WAS,h,NYG,0,4000,John Bates,29,30,59,4,42,win
2,2021,TE,NYJ,h,NE,0,4000,Daniel Brown,25,6,31,-5.5,43,loss
2,2021,TE,MIA,h,BUF,0,4400,Durham Smythe,35,0,35,-3.5,48,loss
2,2021,TE,SF,a,PHI,0,4100,Charlie Woerner,17,11,28,-3,49,win
2,2021,TE,NYJ,h,NE,0,4100,Trevon Wesco,25,6,31,-5.5,43,loss
2,2021,TE,SF,a,PHI,0,4100,Ross Dwelley,17,11,28,-3,49,win
2,2021,PK,NYG,a,WAS,22,2,Graham Gano,29,30,59,4,42,loss
2,2021,PK,LV,a,PIT,17,2,Daniel Carlson,26,17,43,5.5,46.5,win
2,2021,PK,NE,a,NYJ,15,2,Nick Folk,25,6,31,-5.5,43,win
2,2021,PK,TEN,a,SEA,15,2,Randy Bullock,33,30,63,6.5,53.5,win
2,2021,PK,WAS,h,NYG,14,2,Dustin Hopkins,29,30,59,4,42,win
2,2021,PK,DEN,a,JAX,13,2,Brandon McManus,23,13,36,-6,45,win
2,2021,PK,MIN,a,ARI,13,2,Greg Joseph,33,34,67,4,51,loss
2,2021,PK,IND,h,LA,12,2,Rodrigo Blankenship,27,24,51,-4,48,loss
2,2021,PK,ARI,h,MIN,12,2,Matt Prater,33,34,67,4,51,win
2,2021,PK,LAC,h,DAL,10,2,Tristan Vizcaino,20,17,37,3,55,loss
2,2021,PK,DAL,a,LAC,10,2,Greg Zuerlein,20,17,37,3,55,win
2,2021,PK,CAR,h,NO,9,2,Zane Gonzalez,7,26,33,-3,45,win
2,2021,PK,LA,a,IND,9,2,Matt Gay,27,24,51,-4,48,win
2,2021,PK,CHI,h,CIN,8,2,Cairo Santos,17,20,37,2,44.5,win
2,2021,PK,PIT,h,LV,7,2,Chris Boswell,26,17,43,5.5,46.5,loss
2,2021,PK,CIN,a,CHI,7,2,Evan McPherson,17,20,37,2,44.5,loss
2,2021,PK,CLE,h,HOU,7,2,Chase McLaughlin,21,31,52,13.5,48.5,win
2,2021,PK,BAL,h,KC,7,2,Justin Tucker,35,36,71,-3.5,53.5,win
2,2021,PK,SEA,h,TEN,6,2,Jason Myers,33,30,63,6.5,53.5,loss
2,2021,PK,DET,a,GB,6,2,Austin Seibert,17,35,52,11.5,49.5,loss
2,2021,PK,TB,h,ATL,6,2,Ryan Succop,25,48,73,13.5,52,win
2,2021,PK,SF,a,PHI,6,2,Robbie Gould,17,11,28,-3,49,win
2,2021,PK,NYJ,h,NE,6,2,Matt Ammendola,25,6,31,-5.5,43,loss
2,2021,PK,ATL,a,TB,5,2,Younghoe Koo,25,48,73,13.5,52,loss
2,2021,PK,BUF,a,MIA,5,2,Tyler Bass,35,0,35,-3.5,48,win
2,2021,PK,GB,h,DET,5,2,Mason Crosby,17,35,52,11.5,49.5,win
2,2021,PK,KC,a,BAL,5,2,Harrison Butker,35,36,71,-3.5,53.5,loss
2,2021,PK,PHI,h,SF,4,2,Jake Elliott,17,11,28,-3,49,loss
2,2021,PK,HOU,a,CLE,3,2,Joey Slye,21,31,52,13.5,48.5,loss
2,2021,PK,JAX,h,DEN,1,2,Josh Lambo,23,13,36,-6,45,loss
2,2021,PK,NO,a,CAR,1,2,Aldrick Rosas,7,26,33,-3,45,loss
2,2021,Def,BUF,a,MIA,22,3700,Bills DST,35,0,35,-3.5,48,win
2,2021,Def,TB,h,ATL,19,4500,Buccaneers DST,25,48,73,13.5,52,win
2,2021,Def,CHI,h,CIN,19,4100,Bears DST,17,20,37,2,44.5,win
2,2021,Def,NE,a,NYJ,19,5000,Patriots DST,25,6,31,-5.5,43,win
2,2021,Def,CAR,h,NO,12,3800,Panthers DST,7,26,33,-3,45,win
2,2021,Def,MIN,a,ARI,12,3300,Vikings DST,33,34,67,4,51,loss
2,2021,Def,IND,h,LA,11,3800,Colts DST,27,24,51,-4,48,loss
2,2021,Def,DEN,a,JAX,9,4600,Broncos DST,23,13,36,-6,45,win
2,2021,Def,JAX,h,DEN,9,3300,Jaguars DST,23,13,36,-6,45,loss
2,2021,Def,SF,a,PHI,8,4800,49ers DST,17,11,28,-3,49,win
2,2021,Def,LA,a,IND,8,4700,Rams DST,27,24,51,-4,48,win
2,2021,Def,DAL,a,LAC,7,3500,Cowboys DST,20,17,37,3,55,win
2,2021,Def,KC,a,BAL,7,3800,Chiefs DST,35,36,71,-3.5,53.5,loss
2,2021,Def,NO,a,CAR,6,4300,Saints DST,7,26,33,-3,45,loss
2,2021,Def,CIN,a,CHI,6,3600,Bengals DST,17,20,37,2,44.5,loss
2,2021,Def,GB,h,DET,6,4200,Packers DST,17,35,52,11.5,49.5,win
2,2021,Def,LV,a,PIT,5,3400,Raiders DST,26,17,43,5.5,46.5,win
2,2021,Def,HOU,a,CLE,5,3100,Texans DST,21,31,52,13.5,48.5,loss
2,2021,Def,CLE,h,HOU,5,4200,Browns DST,21,31,52,13.5,48.5,win
2,2021,Def,LAC,h,DAL,5,3600,Chargers DST,20,17,37,3,55,loss
2,2021,Def,SEA,h,TEN,4,3700,Seahawks DST,33,30,63,6.5,53.5,loss
2,2021,Def,NYJ,h,NE,3,3400,Jets DST,25,6,31,-5.5,43,loss
2,2021,Def,WAS,h,NYG,3,4600,Football Team,29,30,59,4,42,win
2,2021,Def,BAL,h,KC,3,3500,Ravens DST,35,36,71,-3.5,53.5,win
2,2021,Def,PIT,h,LV,2,4900,Steelers DST,26,17,43,5.5,46.5,loss
2,2021,Def,NYG,a,WAS,2,3700,Giants DST,29,30,59,4,42,loss
2,2021,Def,TEN,a,SEA,2,3200,Titans DST,33,30,63,6.5,53.5,win
2,2021,Def,PHI,h,SF,1,3900,Eagles DST,17,11,28,-3,49,loss
2,2021,Def,ATL,a,TB,1,3000,Falcons DST,25,48,73,13.5,52,loss
2,2021,Def,MIA,h,BUF,1,4000,Dolphins DST,35,0,35,-3.5,48,loss
2,2021,Def,ARI,h,MIN,1,4400,Cardinals DST,33,34,67,4,51,win
2,2021,Def,DET,a,GB,-1,3000,Lions DST,17,35,52,11.5,49.5,loss
3,2021,QB,BUF,h,WAS,37.22,8000,Josh Allen,21,43,64,7.5,45.5,win
3,2021,QB,LAC,a,KC,30.84,7500,Justin Herbert,30,24,54,6.5,55,win
3,2021,QB,LA,h,TB,29.52,7600,Matthew Stafford,24,34,58,-1,55,win
3,2021,QB,TB,a,LA,28.68,7800,Tom Brady,24,34,58,-1,55,loss
3,2021,QB,CAR,a,HOU,25.26,7100,Sam Darnold,24,9,33,-8,43,win
3,2021,QB,MIN,h,SEA,25.12,7700,Kirk Cousins,17,30,47,-2,53.5,win
3,2021,QB,KC,h,LAC,24.9,8700,Patrick Mahomes,30,24,54,6.5,55,loss
3,2021,QB,TEN,h,IND,23.48,7000,Ryan Tannehill,16,25,41,4.5,47,win
3,2021,QB,WAS,a,BUF,22.88,6800,Taylor Heinicke,21,43,64,7.5,45.5,loss
3,2021,QB,PHI,a,DAL,22.54,8200,Jalen Hurts,21,41,62,3.5,51.5,loss
3,2021,QB,LV,h,MIA,22.24,7200,Derek Carr,28,31,59,4,45,win
3,2021,QB,MIA,a,LV,20.3,6700,Jacoby Brissett,28,31,59,4,45,loss
3,2021,QB,BAL,a,DET,20.28,8400,Lamar Jackson,19,17,36,-7.5,51,win
3,2021,QB,DAL,h,PHI,20.12,8000,Dak Prescott,21,41,62,3.5,51.5,win
3,2021,QB,ARI,a,JAX,19.54,9000,Kyler Murray,31,19,50,-8,51.5,win
3,2021,QB,CIN,a,PIT,18.58,6700,Joe Burrow,24,10,34,2.5,42.5,win
3,2021,QB,GB,a,SF,18.54,7700,Aaron Rodgers,30,28,58,3.5,50.5,win
3,2021,QB,CLE,h,CHI,16.94,6800,Baker Mayfield,6,26,32,7.5,45,win
3,2021,QB,SEA,a,MIN,16.62,8400,Russell Wilson,17,30,47,-2,53.5,loss
3,2021,QB,NYG,h,ATL,16.54,7400,Daniel Jones,17,14,31,3,48,loss
3,2021,QB,SF,h,GB,15.68,6600,Jimmy Garoppolo,30,28,58,3.5,50.5,loss
3,2021,QB,ATL,a,NYG,15.62,7100,Matt Ryan,17,14,31,3,48,win
3,2021,QB,PIT,h,CIN,15.22,6900,Ben Roethlisberger,24,10,34,2.5,42.5,loss
3,2021,QB,NE,h,NO,14.6,6500,Mac Jones,28,13,41,3,44,loss
3,2021,QB,NO,a,NE,13.52,6800,Jameis Winston,28,13,41,3,44,win
3,2021,QB,DEN,h,NYJ,11.8,7300,Teddy Bridgewater,0,26,26,10.5,42,win
3,2021,QB,HOU,h,CAR,10.72,6500,Davis Mills,24,9,33,-8,43,loss
3,2021,QB,JAX,h,ARI,9.46,6600,Trevor Lawrence,31,19,50,-8,51.5,loss
3,2021,QB,NO,a,NE,9.2,6300,Taysom Hill,28,13,41,3,44,win
3,2021,QB,DET,h,BAL,9.08,7100,Jared Goff,19,17,36,-7.5,51,loss
3,2021,QB,IND,a,TEN,7.76,7000,Carson Wentz,16,25,41,4.5,47,loss
3,2021,QB,SF,h,GB,6.1,6400,Trey Lance,30,28,58,3.5,50.5,loss
3,2021,QB,NYJ,a,DEN,4.6,6500,Zach Wilson,0,26,26,10.5,42,loss
3,2021,QB,CHI,a,CLE,3.92,6500,Justin Fields,6,26,32,7.5,45,loss
3,2021,QB,BUF,h,WAS,1.94,6400,Mitchell Trubisky,21,43,64,7.5,45.5,win
3,2021,QB,DEN,h,NYJ,0,6000,Kendall Hinton,0,26,26,10.5,42,win
3,2021,QB,DAL,h,PHI,0,6000,Cooper Rush,21,41,62,3.5,51.5,win
3,2021,QB,CLE,h,CHI,0,6200,Case Keenum,6,26,32,7.5,45,win
3,2021,RB,DAL,h,PHI,25.1,7800,Ezekiel Elliott,21,41,62,3.5,51.5,win
3,2021,RB,CLE,h,CHI,24.5,5600,Kareem Hunt,6,26,32,7.5,45,win
3,2021,RB,JAX,h,ARI,22.4,5500,James Robinson,31,19,50,-8,51.5,loss
3,2021,RB,LV,h,MIA,21.7,5600,Peyton Barber,28,31,59,4,45,win
3,2021,RB,PIT,h,CIN,21.2,7500,Najee Harris,24,10,34,2.5,42.5,loss
3,2021,RB,DET,h,BAL,20.2,7400,D'Andre Swift,19,17,36,-7.5,51,loss
3,2021,RB,MIN,h,SEA,20.1,5200,Alexander Mattison,17,30,47,-2,53.5,win
3,2021,RB,LAC,a,KC,19.7,7000,Austin Ekeler,30,24,54,6.5,55,win
3,2021,RB,NO,a,NE,19.3,8000,Alvin Kamara,28,13,41,3,44,win
3,2021,RB,NYG,h,ATL,18.4,6000,Saquon Barkley,17,14,31,3,48,loss
3,2021,RB,TEN,h,IND,17.9,9700,Derrick Henry,16,25,41,4.5,47,win
3,2021,RB,ARI,a,JAX,17.8,5300,James Conner,31,19,50,-8,51.5,win
3,2021,RB,WAS,a,BUF,16.9,6100,Antonio Gibson,21,43,64,7.5,45.5,loss
3,2021,RB,GB,a,SF,16.6,6900,Aaron Jones,30,28,58,3.5,50.5,win
3,2021,RB,BUF,h,WAS,16.6,5400,Zack Moss,21,43,64,7.5,45.5,win
3,2021,RB,IND,a,TEN,16.4,5200,Nyheim Hines,16,25,41,4.5,47,loss
3,2021,RB,KC,h,LAC,15.9,6500,Clyde Edwards-Helaire,30,24,54,6.5,55,loss
3,2021,RB,TB,a,LA,15.6,4600,Giovani Bernard,24,34,58,-1,55,loss
3,2021,RB,SEA,a,MIN,15.2,7700,Chris Carson,17,30,47,-2,53.5,loss
3,2021,RB,DEN,h,NYJ,14.7,6000,Melvin Gordon,0,26,26,10.5,42,win
3,2021,RB,DET,h,BAL,13.7,5600,Jamaal Williams,19,17,36,-7.5,51,loss
3,2021,RB,SF,h,GB,13.1,4500,Kyle Juszczyk,30,28,58,3.5,50.5,loss
3,2021,RB,DEN,h,NYJ,11.7,5800,Javonte Williams,0,26,26,10.5,42,win
3,2021,RB,ARI,a,JAX,11,6600,Chase Edmonds,31,19,50,-8,51.5,win
3,2021,RB,SF,h,GB,10.4,5400,Trey Sermon,30,28,58,3.5,50.5,loss
3,2021,RB,CIN,a,PIT,9.9,6700,Joe Mixon,24,10,34,2.5,42.5,win
3,2021,RB,CAR,a,HOU,9.4,4700,Chuba Hubbard,24,9,33,-8,43,win
3,2021,RB,LA,h,TB,9.4,5700,Sony Michel,24,34,58,-1,55,win
3,2021,RB,MIA,a,LV,9.1,4800,Malcolm Brown,28,31,59,4,45,loss
3,2021,RB,ATL,a,NYG,9,5700,Mike Davis,17,14,31,3,48,win
3,2021,RB,MIA,a,LV,8.9,5900,Myles Gaskin,28,31,59,4,45,loss
3,2021,RB,CLE,h,CHI,8.4,7800,Nick Chubb,6,26,32,7.5,45,win
3,2021,RB,TEN,h,IND,8.1,4700,Jeremy McNichols,16,25,41,4.5,47,win
3,2021,RB,IND,a,TEN,7.7,7000,Jonathan Taylor,16,25,41,4.5,47,loss
3,2021,RB,LV,h,MIA,7.2,5700,Kenyan Drake,28,31,59,4,45,win
3,2021,RB,PHI,a,DAL,7,6100,Miles Sanders,21,41,62,3.5,51.5,loss
3,2021,RB,DAL,h,PHI,7,5400,Tony Pollard,21,41,62,3.5,51.5,win
3,2021,RB,LV,h,MIA,6.6,4500,Alec Ingold,28,31,59,4,45,win
3,2021,RB,CHI,a,CLE,6.5,6900,David Montgomery,6,26,32,7.5,45,loss
3,2021,RB,SEA,a,MIN,6.3,4500,Travis Homer,17,30,47,-2,53.5,loss
3,2021,RB,CAR,a,HOU,5,10500,Christian McCaffrey,24,9,33,-8,43,win
3,2021,RB,TB,a,LA,4.9,5800,Leonard Fournette,24,34,58,-1,55,loss
3,2021,RB,KC,h,LAC,4.9,5000,Darrel Williams,30,24,54,6.5,55,loss
3,2021,RB,PHI,a,DAL,4.9,5200,Kenny Gainwell,21,41,62,3.5,51.5,loss
3,2021,RB,WAS,a,BUF,4.8,5300,JD McKissic,21,43,64,7.5,45.5,loss
3,2021,RB,JAX,h,ARI,4.4,5100,Carlos Hyde,31,19,50,-8,51.5,loss
3,2021,RB,NYJ,a,DEN,3.9,4900,Michael Carter,0,26,26,10.5,42,loss
3,2021,RB,NE,h,NO,3.7,4500,Brandon Bolden,28,13,41,3,44,loss
3,2021,RB,CIN,a,PIT,3.6,4500,Chris Evans,24,10,34,2.5,42.5,win
3,2021,RB,GB,a,SF,3.6,5000,AJ Dillon,30,28,58,3.5,50.5,win
3,2021,RB,NO,a,NE,3.2,4800,Tony Jones,28,13,41,3,44,win
3,2021,RB,BUF,h,WAS,3.1,5900,Devin Singletary,21,43,64,7.5,45.5,win
3,2021,RB,CAR,a,HOU,3,4500,Royce Freeman,24,9,33,-8,43,win
3,2021,RB,BAL,a,DET,2.8,5500,Latavius Murray,19,17,36,-7.5,51,win
3,2021,RB,NYJ,a,DEN,2.8,5100,Ty Johnson,0,26,26,10.5,42,loss
3,2021,RB,HOU,h,CAR,2.5,5900,Mark Ingram,24,9,33,-8,43,loss
3,2021,RB,MIN,h,SEA,2.4,4700,Ameer Abdullah,17,30,47,-2,53.5,win
3,2021,RB,CLE,h,CHI,2.3,4800,Demetric Felton,6,26,32,7.5,45,win
3,2021,RB,BAL,a,DET,2.2,6400,Ty'Son Williams,19,17,36,-7.5,51,win
3,2021,RB,NE,h,NO,2.1,6200,Damien Harris,28,13,41,3,44,loss
3,2021,RB,LAC,a,KC,2.1,4500,Gabe Nabers,30,24,54,6.5,55,win
3,2021,RB,PHI,a,DAL,1.5,4500,Boston Scott,21,41,62,3.5,51.5,loss
3,2021,RB,NE,h,NO,1.5,4700,JJ Taylor,28,13,41,3,44,loss
3,2021,RB,CIN,a,PIT,1.2,4700,Samaje Perine,24,10,34,2.5,42.5,win
3,2021,RB,TB,a,LA,1.1,5000,Ronald Jones,24,34,58,-1,55,loss
3,2021,RB,HOU,h,CAR,1.1,5300,David Johnson,24,9,33,-8,43,loss
3,2021,RB,HOU,h,CAR,1,4500,Rex Burkhead,24,9,33,-8,43,loss
3,2021,RB,CLE,h,CHI,0.9,4500,D'Ernest Johnson,6,26,32,7.5,45,win
3,2021,RB,PIT,h,CIN,0.8,4500,Derek Watt,24,10,34,2.5,42.5,loss
3,2021,RB,SEA,a,MIN,0.8,4800,Alex Collins,17,30,47,-2,53.5,loss
3,2021,RB,BAL,a,DET,0.8,5000,Devonta Freeman,19,17,36,-7.5,51,win
3,2021,RB,DEN,h,NYJ,0.7,4500,Damarea Crockett,0,26,26,10.5,42,win
3,2021,RB,NE,h,NO,0.6,5400,James White,28,13,41,3,44,loss
3,2021,RB,NYG,h,ATL,0.6,4500,Elijhaa Penny,17,14,31,3,48,loss
3,2021,RB,LA,h,TB,0.6,5000,Jake Funk,24,34,58,-1,55,win
3,2021,RB,HOU,h,CAR,0.5,5100,Phillip Lindsay,24,9,33,-8,43,loss
3,2021,RB,NO,a,NE,0.5,4500,Alex Armah,28,13,41,3,44,win
3,2021,RB,NYG,h,ATL,0.4,4600,Gary Brightwell,17,14,31,3,48,loss
3,2021,RB,LAC,a,KC,0.3,4900,Larry Rountree,30,24,54,6.5,55,win
3,2021,RB,MIN,h,SEA,0.2,4500,CJ Ham,17,30,47,-2,53.5,win
3,2021,RB,TEN,h,IND,0.2,4500,Mekhi Sargent,16,25,41,4.5,47,win
3,2021,RB,NO,a,NE,0,4500,Dwayne Washington,28,13,41,3,44,win
3,2021,RB,KC,h,LAC,0,4500,Michael Burton,30,24,54,6.5,55,loss
3,2021,RB,NE,h,NO,0,4500,Jakob Johnson,28,13,41,3,44,loss
3,2021,RB,SEA,a,MIN,0,4500,Nick Bellore,17,30,47,-2,53.5,loss
3,2021,RB,IND,a,TEN,0,4500,Jordan Wilkins,16,25,41,4.5,47,loss
3,2021,RB,SEA,a,MIN,0,4600,DeeJay Dallas,17,30,47,-2,53.5,loss
3,2021,RB,CHI,a,CLE,0,4900,Damien Williams,6,26,32,7.5,45,loss
3,2021,RB,KC,h,LAC,0,4500,Jerick McKinnon,30,24,54,6.5,55,loss
3,2021,RB,NYG,h,ATL,0,4500,Cullen Gillaspia,17,14,31,3,48,loss
3,2021,RB,CHI,a,CLE,0,4500,Khalil Herbert,6,26,32,7.5,45,loss
3,2021,RB,HOU,h,CAR,0,4500,Scottie Phillips,24,9,33,-8,43,loss
3,2021,RB,LA,h,TB,0,4600,Buddy Howell,24,34,58,-1,55,win
3,2021,RB,PIT,h,CIN,0,4500,Kalen Ballage,24,10,34,2.5,42.5,loss
3,2021,RB,SF,h,GB,0,4700,Kerryon Johnson,30,28,58,3.5,50.5,loss
3,2021,RB,ATL,a,NYG,0,4500,Keith Smith,17,14,31,3,48,win
3,2021,RB,JAX,h,ARI,0,4500,Dare Ogunbowale,31,19,50,-8,51.5,loss
3,2021,RB,TB,a,LA,0,4500,Ke'Shawn Vaughn,24,34,58,-1,55,loss
3,2021,RB,NYJ,a,DEN,0,4500,Josh Adams,0,26,26,10.5,42,loss
3,2021,RB,LAC,a,KC,0,4600,Justin Jackson,30,24,54,6.5,55,win
3,2021,RB,MIA,a,LV,0,4900,Salvon Ahmed,28,31,59,4,45,loss
3,2021,RB,BUF,h,WAS,0,4500,Taiwan Jones,21,43,64,7.5,45.5,win
3,2021,RB,GB,a,SF,0,4600,Kylin Hill,30,28,58,3.5,50.5,win
3,2021,RB,NO,a,NE,0,4700,Ty Montgomery,28,13,41,3,44,win
3,2021,RB,ARI,a,JAX,0,4500,Jonathan Ward,31,19,50,-8,51.5,win
3,2021,RB,BAL,a,DET,0,4500,Patrick Ricard,19,17,36,-7.5,51,win
3,2021,RB,PIT,h,CIN,0,4500,Benny Snell,24,10,34,2.5,42.5,loss
3,2021,RB,CLE,h,CHI,0,4500,Andy Janovich,6,26,32,7.5,45,win
3,2021,RB,DAL,h,PHI,0,4500,Corey Clement,21,41,62,3.5,51.5,win
3,2021,RB,WAS,a,BUF,0,4500,Jaret Patterson,21,43,64,7.5,45.5,loss
3,2021,RB,SF,h,GB,0,4900,Trenton Cannon,30,28,58,3.5,50.5,loss
3,2021,WR,LAC,a,KC,29.7,6000,Mike Williams,30,24,54,6.5,55,win
3,2021,WR,LA,h,TB,26.1,7900,Cooper Kupp,24,34,58,-1,55,win
3,2021,WR,GB,a,SF,25.2,8200,Davante Adams,30,28,58,3.5,50.5,win
3,2021,WR,BUF,h,WAS,23.9,5200,Emmanuel Sanders,21,43,64,7.5,45.5,win
3,2021,WR,MIN,h,SEA,22.3,7400,Justin Jefferson,17,30,47,-2,53.5,win
3,2021,WR,CIN,a,PIT,20.5,5900,Ja'Marr Chase,24,10,34,2.5,42.5,win
3,2021,WR,SEA,a,MIN,19.7,7200,DK Metcalf,17,30,47,-2,53.5,loss
3,2021,WR,LA,h,TB,19.5,5000,DeSean Jackson,24,34,58,-1,55,win
3,2021,WR,NE,h,NO,18.6,4700,Kendrick Bourne,28,13,41,3,44,loss
3,2021,WR,TB,a,LA,16.6,7300,Chris Godwin,24,34,58,-1,55,loss
3,2021,WR,CAR,a,HOU,16.5,7200,DJ Moore,24,9,33,-8,43,win
3,2021,WR,LV,h,MIA,16.2,5100,Hunter Renfrow,28,31,59,4,45,win
3,2021,WR,HOU,h,CAR,16.2,7300,Brandin Cooks,24,9,33,-8,43,loss
3,2021,WR,BUF,h,WAS,15.3,5400,Cole Beasley,21,43,64,7.5,45.5,win
3,2021,WR,LAC,a,KC,15,6900,Keenan Allen,30,24,54,6.5,55,win
3,2021,WR,TB,a,LA,14.6,7100,Mike Evans,24,34,58,-1,55,loss
3,2021,WR,PIT,h,CIN,14.1,5800,Chase Claypool,24,10,34,2.5,42.5,loss
3,2021,WR,MIN,h,SEA,14,7600,Adam Thielen,17,30,47,-2,53.5,win
3,2021,WR,ARI,a,JAX,13.9,5700,Christian Kirk,31,19,50,-8,51.5,win
3,2021,WR,NE,h,NO,13.9,5300,Jakobi Meyers,28,13,41,3,44,loss
3,2021,WR,ARI,a,JAX,13.7,5500,AJ Green,31,19,50,-8,51.5,win
3,2021,WR,GB,a,SF,13.4,5400,Marquez Valdes-Scantling,30,28,58,3.5,50.5,win
3,2021,WR,ATL,a,NYG,13.2,5900,Cordarrelle Patterson,17,14,31,3,48,win
3,2021,WR,SF,h,GB,12.5,5500,Brandon Aiyuk,30,28,58,3.5,50.5,loss
3,2021,WR,JAX,h,ARI,12.4,5800,DJ Chark,31,19,50,-8,51.5,loss
3,2021,WR,DEN,h,NYJ,12.3,5900,Tim Patrick,0,26,26,10.5,42,win
3,2021,WR,NO,a,NE,12.1,5400,Marquez Callaway,28,13,41,3,44,win
3,2021,WR,MIA,a,LV,11.8,5500,Jaylen Waddle,28,31,59,4,45,loss
3,2021,WR,CIN,a,PIT,11.6,5600,Tyler Boyd,24,10,34,2.5,42.5,win
3,2021,WR,TEN,h,IND,11.3,4500,Nick Westbrook,16,25,41,4.5,47,win
3,2021,WR,CLE,h,CHI,11.2,6500,Odell Beckham,6,26,32,7.5,45,win
3,2021,WR,KC,h,LAC,11,5400,Mecole Hardman,30,24,54,6.5,55,loss
3,2021,WR,ATL,a,NYG,10.7,4600,Olamide Zaccheaus,17,14,31,3,48,win
3,2021,WR,LV,h,MIA,10.5,5600,Henry Ruggs,28,31,59,4,45,win
3,2021,WR,LV,h,MIA,10.4,5100,Bryan Edwards,28,31,59,4,45,win
3,2021,WR,IND,a,TEN,10.3,5600,Michael Pittman,16,25,41,4.5,47,loss
3,2021,WR,ATL,a,NYG,10.1,8100,Calvin Ridley,17,14,31,3,48,win
3,2021,WR,HOU,h,CAR,10,4500,Anthony Miller,24,9,33,-8,43,loss
3,2021,WR,DET,h,BAL,9.8,5100,Kalif Raymond,19,17,36,-7.5,51,loss
3,2021,WR,JAX,h,ARI,9.2,6300,Marvin Jones,31,19,50,-8,51.5,loss
3,2021,WR,BAL,a,DET,9.2,4900,Devin Duvernay,19,17,36,-7.5,51,win
3,2021,WR,BUF,h,WAS,9.2,7700,Stefon Diggs,21,43,64,7.5,45.5,win
3,2021,WR,BAL,a,DET,8.8,5700,Sammy Watkins,19,17,36,-7.5,51,win
3,2021,WR,DAL,h,PHI,8.7,5100,Cedrick Wilson,21,41,62,3.5,51.5,win
3,2021,WR,NYG,h,ATL,8.4,5600,Kenny Golladay,17,14,31,3,48,loss
3,2021,WR,WAS,a,BUF,8.2,7200,Terry McLaurin,21,43,64,7.5,45.5,loss
3,2021,WR,DAL,h,PHI,8,7000,CeeDee Lamb,21,41,62,3.5,51.5,win
3,2021,WR,PHI,a,DAL,8,4500,Greg Ward,21,41,62,3.5,51.5,loss
3,2021,WR,PHI,a,DAL,7.8,5400,Jalen Reagor,21,41,62,3.5,51.5,loss
3,2021,WR,TB,a,LA,7.8,4500,Tyler Johnson,24,34,58,-1,55,loss
3,2021,WR,SF,h,GB,7.7,6600,Deebo Samuel,30,28,58,3.5,50.5,loss
3,2021,WR,NYG,h,ATL,7.6,4500,Collin Johnson,17,14,31,3,48,loss
3,2021,WR,KC,h,LAC,7.2,8700,Tyreek Hill,30,24,54,6.5,55,loss
3,2021,WR,TEN,h,IND,7.1,4600,Chester Rogers,16,25,41,4.5,47,win
3,2021,WR,JAX,h,ARI,6.8,5400,Laviska Shenault,31,19,50,-8,51.5,loss
3,2021,WR,BAL,a,DET,6.8,6600,Marquise Brown,19,17,36,-7.5,51,win
3,2021,WR,CAR,a,HOU,6.8,5000,Terrace Marshall,24,9,33,-8,43,win
3,2021,WR,NYJ,a,DEN,6.6,5900,Corey Davis,0,26,26,10.5,42,loss
3,2021,WR,TEN,h,IND,6.2,6700,Julio Jones,16,25,41,4.5,47,win
3,2021,WR,DEN,h,NYJ,6.2,6900,Courtland Sutton,0,26,26,10.5,42,win
3,2021,WR,MIA,a,LV,6.2,5700,DeVante Parker,28,31,59,4,45,loss
3,2021,WR,LA,h,TB,6.2,4900,Van Jefferson,24,34,58,-1,55,win
3,2021,WR,PHI,a,DAL,5.6,5000,Quez Watkins,21,41,62,3.5,51.5,loss
3,2021,WR,MIA,a,LV,5.5,5500,Will Fuller,28,31,59,4,45,loss
3,2021,WR,LA,h,TB,5.3,6100,Robert Woods,24,34,58,-1,55,win
3,2021,WR,SEA,a,MIN,5.1,8000,Tyler Lockett,17,30,47,-2,53.5,loss
3,2021,WR,SF,h,GB,5.1,4900,Mohamed Sanu,30,28,58,3.5,50.5,loss
3,2021,WR,CLE,h,CHI,4.9,5500,Donovan Peoples-Jones,6,26,32,7.5,45,win
3,2021,WR,PIT,h,CIN,4.8,4500,Ray-Ray McCloud,24,10,34,2.5,42.5,loss
3,2021,WR,GB,a,SF,4.7,5600,Allen Lazard,30,28,58,3.5,50.5,win
3,2021,WR,NO,a,NE,4.6,5200,Deonte Harris,28,13,41,3,44,win
3,2021,WR,NYG,h,ATL,4.3,4600,CJ Board,17,14,31,3,48,loss
3,2021,WR,PHI,a,DAL,4.3,5700,Devonta Smith,21,41,62,3.5,51.5,loss
3,2021,WR,DAL,h,PHI,4.1,7300,Amari Cooper,21,41,62,3.5,51.5,win
3,2021,WR,IND,a,TEN,4.1,5300,Zach Pascal,16,25,41,4.5,47,loss
3,2021,WR,PIT,h,CIN,4,6100,JuJu Smith-Schuster,24,10,34,2.5,42.5,loss
3,2021,WR,NYJ,a,DEN,4,4500,Keelan Cole,0,26,26,10.5,42,loss
3,2021,WR,CHI,a,CLE,3.7,7000,Allen Robinson,6,26,32,7.5,45,loss
3,2021,WR,NYJ,a,DEN,3.7,5100,Elijah Moore,0,26,26,10.5,42,loss
3,2021,WR,ARI,a,JAX,3.6,8500,DeAndre Hopkins,31,19,50,-8,51.5,win
3,2021,WR,MIN,h,SEA,3.6,5100,KJ Osborn,17,30,47,-2,53.5,win
3,2021,WR,NYJ,a,DEN,3.6,4900,Braxton Berrios,0,26,26,10.5,42,loss
3,2021,WR,PIT,h,CIN,3.5,4900,James Washington,24,10,34,2.5,42.5,loss
3,2021,WR,BAL,a,DET,3.4,4600,James Proche,19,17,36,-7.5,51,win
3,2021,WR,CLE,h,CHI,3.4,5300,Rashard Higgins,6,26,32,7.5,45,win
3,2021,WR,DEN,h,NYJ,3.3,5200,KJ Hamler,0,26,26,10.5,42,win
3,2021,WR,CAR,a,HOU,3,4500,Alex Erickson,24,9,33,-8,43,win
3,2021,WR,BUF,h,WAS,2.8,4900,Gabriel Davis,21,43,64,7.5,45.5,win
3,2021,WR,PIT,h,CIN,2.7,4500,Cody White,24,10,34,2.5,42.5,loss
3,2021,WR,NE,h,NO,2.7,5600,Nelson Agholor,28,13,41,3,44,loss
3,2021,WR,KC,h,LAC,2.7,4700,Demarcus Robinson,30,24,54,6.5,55,loss
3,2021,WR,WAS,a,BUF,2.7,4600,Cam Sims,21,43,64,7.5,45.5,loss
3,2021,WR,SEA,a,MIN,2.6,5000,Freddie Swain,17,30,47,-2,53.5,loss
3,2021,WR,NYG,h,ATL,2.6,6400,Sterling Shepard,17,14,31,3,48,loss
3,2021,WR,NYG,h,ATL,2.6,4600,Kadarius Toney,17,14,31,3,48,loss
3,2021,WR,CIN,a,PIT,2.4,4500,Mike Thomas,24,10,34,2.5,42.5,win
3,2021,WR,KC,h,LAC,2.2,4900,Byron Pringle,30,24,54,6.5,55,loss
3,2021,WR,NO,a,NE,2.2,3,Kenny Stills,28,13,41,3,44,win
3,2021,WR,TB,a,LA,2.1,4800,Scott Miller,24,34,58,-1,55,loss
3,2021,WR,LV,h,MIA,2,4900,Zay Jones,28,31,59,4,45,win
3,2021,WR,IND,a,TEN,1.9,4800,Parris Campbell,16,25,41,4.5,47,loss
3,2021,WR,CIN,a,PIT,1.9,4500,Auden Tate,24,10,34,2.5,42.5,win
3,2021,WR,TEN,h,IND,1.8,4500,Cameron Batson,16,25,41,4.5,47,win
3,2021,WR,NYJ,a,DEN,1.8,4500,Jeff Smith,0,26,26,10.5,42,loss
3,2021,WR,DAL,h,PHI,1.4,4500,Noah Brown,21,41,62,3.5,51.5,win
3,2021,WR,ARI,a,JAX,1.4,5600,Rondale Moore,31,19,50,-8,51.5,win
3,2021,WR,DET,h,BAL,1.4,4500,KhaDarel Hodge,19,17,36,-7.5,51,loss
3,2021,WR,CHI,a,CLE,1.4,5600,Darnell Mooney,6,26,32,7.5,45,loss
3,2021,WR,CAR,a,HOU,1.3,6100,Robby Anderson,24,9,33,-8,43,win
3,2021,WR,NYG,h,ATL,1.3,5400,Darius Slayton,17,14,31,3,48,loss
3,2021,WR,DET,h,BAL,1.3,5300,Quintez Cephus,19,17,36,-7.5,51,loss
3,2021,WR,SEA,a,MIN,1.2,4500,Penny Hart,17,30,47,-2,53.5,loss
3,2021,WR,WAS,a,BUF,1.2,4900,Adam Humphries,21,43,64,7.5,45.5,loss
3,2021,WR,ATL,a,NYG,1.1,4500,Tajae Sharpe,17,14,31,3,48,win
3,2021,WR,BUF,h,WAS,0.8,4600,Isaiah McKenzie,21,43,64,7.5,45.5,win
3,2021,WR,DET,h,BAL,0.7,5000,Amon-Ra St,19,17,36,-7.5,51,loss
3,2021,WR,TB,a,LA,0.5,4500,Jaelon Darden,24,34,58,-1,55,loss
3,2021,WR,TEN,h,IND,0.3,6800,AJ Brown,16,25,41,4.5,47,win
3,2021,WR,LAC,a,KC,0.3,4700,Jalen Guyton,30,24,54,6.5,55,win
3,2021,WR,DEN,h,NYJ,0.2,4500,Diontae Spencer,0,26,26,10.5,42,win
3,2021,WR,KC,h,LAC,0,4500,Marcus Kemp,30,24,54,6.5,55,loss
3,2021,WR,MIA,a,LV,0,4500,Mack Hollins,28,31,59,4,45,loss
3,2021,WR,SF,h,GB,0,4700,Jauan Jennings,30,28,58,3.5,50.5,loss
3,2021,WR,NO,a,NE,0,4700,Chris Hogan,28,13,41,3,44,win
3,2021,WR,JAX,h,ARI,0,4500,Phillip Dorsett,31,19,50,-8,51.5,loss
3,2021,WR,CAR,a,HOU,0,5200,Brandon Zylstra,24,9,33,-8,43,win
3,2021,WR,MIN,h,SEA,0,4500,Dede Westbrook,17,30,47,-2,53.5,win
3,2021,WR,HOU,h,CAR,0,4500,Chris Moore,24,9,33,-8,43,loss
3,2021,WR,NE,h,NO,0,4500,Gunner Olszewski,28,13,41,3,44,loss
3,2021,WR,CHI,a,CLE,0,4800,Damiere Byrd,6,26,32,7.5,45,loss
3,2021,WR,SF,h,GB,0,4800,Trent Sherfield,30,28,58,3.5,50.5,loss
3,2021,WR,JAX,h,ARI,0,4600,Tyron Johnson,31,19,50,-8,51.5,loss
3,2021,WR,GB,a,SF,0,4500,Malik Taylor,30,28,58,3.5,50.5,win
3,2021,WR,DET,h,BAL,0,4600,Trinity Benson,19,17,36,-7.5,51,loss
3,2021,WR,IND,a,TEN,0,4500,De'Michael Harris,16,25,41,4.5,47,loss
3,2021,WR,LAC,a,KC,0,4600,KJ Hill,30,24,54,6.5,55,win
3,2021,WR,MIN,h,SEA,0,4500,Ihmir Smith-Marsette,17,30,47,-2,53.5,win
3,2021,WR,BAL,a,DET,0,4500,Tylan Wallace,19,17,36,-7.5,51,win
3,2021,WR,LAC,a,KC,0,4900,Josh Palmer,30,24,54,6.5,55,win
3,2021,WR,CHI,a,CLE,0,4700,Marquise Goodwin,6,26,32,7.5,45,loss
3,2021,WR,TB,a,LA,0,4500,Jaydon Mickens,24,34,58,-1,55,loss
3,2021,WR,HOU,h,CAR,0,5000,Chris Conley,24,9,33,-8,43,loss
3,2021,WR,CIN,a,PIT,0,4500,Stanley Morgan,24,10,34,2.5,42.5,win
3,2021,WR,JAX,h,ARI,0,4500,Jamal Agnew,31,19,50,-8,51.5,loss
3,2021,WR,LV,h,MIA,0,4800,Willie Snead,28,31,59,4,45,win
3,2021,WR,GB,a,SF,0,5100,Randall Cobb,30,28,58,3.5,50.5,win
3,2021,WR,HOU,h,CAR,0,4500,Andre Roberts,24,9,33,-8,43,loss
3,2021,WR,ATL,a,NYG,0,4700,Christian Blake,17,14,31,3,48,win
3,2021,WR,BUF,h,WAS,0,4500,Jake Kumerow,21,43,64,7.5,45.5,win
3,2021,WR,NE,h,NO,0,4500,Matthew Slater,28,13,41,3,44,loss
3,2021,WR,WAS,a,BUF,0,4500,DeAndre Carter,21,43,64,7.5,45.5,loss
3,2021,WR,PHI,a,DAL,0,4500,JJ Arcega-Whiteside,21,41,62,3.5,51.5,loss
3,2021,WR,TEN,h,IND,0,4500,Racey McMath,16,25,41,4.5,47,win
3,2021,WR,CHI,a,CLE,0,4500,Nsimba Webster,6,26,32,7.5,45,loss
3,2021,WR,GB,a,SF,0,4600,Amari Rodgers,30,28,58,3.5,50.5,win
3,2021,WR,MIA,a,LV,0,4500,Jakeem Grant,28,31,59,4,45,loss
3,2021,WR,CLE,h,CHI,0,4800,Anthony Schwartz,6,26,32,7.5,45,win
3,2021,WR,LA,h,TB,0,4600,Tutu Atwell,24,34,58,-1,55,win
3,2021,WR,WAS,a,BUF,-0.4,4800,Dyami Brown,21,43,64,7.5,45.5,loss
3,2021,WR,IND,a,TEN,-0.7,4500,Ashton Dulin,16,25,41,4.5,47,loss
3,2021,TE,DAL,h,PHI,23,4800,Dalton Schultz,21,41,62,3.5,51.5,win
3,2021,TE,MIN,h,SEA,16.5,4700,Tyler Conklin,17,30,47,-2,53.5,win
3,2021,TE,KC,h,LAC,13.9,8500,Travis Kelce,30,24,54,6.5,55,loss
3,2021,TE,MIA,a,LV,13.6,5600,Mike Gesicki,28,31,59,4,45,loss
3,2021,TE,SF,h,GB,13.6,6000,George Kittle,30,28,58,3.5,50.5,loss
3,2021,TE,BAL,a,DET,13.4,6000,Mark Andrews,19,17,36,-7.5,51,win
3,2021,TE,PHI,a,DAL,13.3,4700,Zach Ertz,21,41,62,3.5,51.5,loss
3,2021,TE,BUF,h,WAS,12.9,5400,Dawson Knox,21,43,64,7.5,45.5,win
3,2021,TE,LA,h,TB,12.5,5500,Tyler Higbee,24,34,58,-1,55,win
3,2021,TE,WAS,a,BUF,10.2,5700,Logan Thomas,21,43,64,7.5,45.5,loss
3,2021,TE,CAR,a,HOU,10.2,4100,Tommy Tremble,24,9,33,-8,43,win
3,2021,TE,PIT,h,CIN,9.7,4600,Pat Freiermuth,24,10,34,2.5,42.5,loss
3,2021,TE,CLE,h,CHI,8.9,5300,Austin Hooper,6,26,32,7.5,45,win
3,2021,TE,ATL,a,NYG,8.2,4100,Lee Smith,17,14,31,3,48,win
3,2021,TE,SEA,a,MIN,7.9,5000,Gerald Everett,17,30,47,-2,53.5,loss
3,2021,TE,LV,h,MIA,7.9,7400,Darren Waller,28,31,59,4,45,win
3,2021,TE,KC,h,LAC,7.7,4000,Jody Fortson,30,24,54,6.5,55,loss
3,2021,TE,PHI,a,DAL,7.6,5500,Dallas Goedert,21,41,62,3.5,51.5,loss
3,2021,TE,TB,a,LA,7.5,6500,Rob Gronkowski,24,34,58,-1,55,loss
3,2021,TE,NE,h,NO,6.1,5000,Hunter Henry,28,13,41,3,44,loss
3,2021,TE,TB,a,LA,5.5,4300,Cameron Brate,24,34,58,-1,55,loss
3,2021,TE,HOU,h,CAR,5.2,4600,Jordan Akins,24,9,33,-8,43,loss
3,2021,TE,DET,h,BAL,4.5,4300,Darren Fells,19,17,36,-7.5,51,loss
3,2021,TE,ATL,a,NYG,4.5,6200,Kyle Pitts,17,14,31,3,48,win
3,2021,TE,SEA,a,MIN,4.4,4200,Will Dissly,17,30,47,-2,53.5,loss
3,2021,TE,TEN,h,IND,4.2,4200,Geoff Swaim,16,25,41,4.5,47,win
3,2021,TE,LAC,a,KC,3.7,5300,Jared Cook,30,24,54,6.5,55,win
3,2021,TE,ARI,a,JAX,3.4,4700,Maxx Williams,31,19,50,-8,51.5,win
3,2021,TE,CAR,a,HOU,3.3,4800,Dan Arnold,24,9,33,-8,43,win
3,2021,TE,DEN,h,NYJ,2.5,6100,Noah Fant,0,26,26,10.5,42,win
3,2021,TE,JAX,h,ARI,2.5,4000,Jacob Hollister,31,19,50,-8,51.5,loss
3,2021,TE,DAL,h,PHI,2.4,4700,Blake Jarwin,21,41,62,3.5,51.5,win
3,2021,TE,IND,a,TEN,2.4,4600,Mo Alie-Cox,16,25,41,4.5,47,loss
3,2021,TE,LAC,a,KC,2.4,4100,Donald Parham,30,24,54,6.5,55,win
3,2021,TE,NYJ,a,DEN,2.2,4500,Tyler Kroft,0,26,26,10.5,42,loss
3,2021,TE,DET,h,BAL,2,6300,TJ Hockenson,19,17,36,-7.5,51,loss
3,2021,TE,CHI,a,CLE,1.6,4900,Cole Kmet,6,26,32,7.5,45,loss
3,2021,TE,TB,a,LA,1.6,4700,OJ Howard,24,34,58,-1,55,loss
3,2021,TE,IND,a,TEN,1.5,4800,Jack Doyle,16,25,41,4.5,47,loss
3,2021,TE,NYG,h,ATL,1.4,4200,Kaden Smith,17,14,31,3,48,loss
3,2021,TE,LV,h,MIA,1.3,4600,Foster Moreau,28,31,59,4,45,win
3,2021,TE,BUF,h,WAS,1.2,4100,Tommy Sweeney,21,43,64,7.5,45.5,win
3,2021,TE,TEN,h,IND,1.2,4000,MyCole Pruitt,16,25,41,4.5,47,win
3,2021,TE,DEN,h,NYJ,1.1,4900,Albert Okwuegbunam,0,26,26,10.5,42,win
3,2021,TE,GB,a,SF,1.1,5300,Robert Tonyan,30,28,58,3.5,50.5,win
3,2021,TE,BAL,a,DET,1.1,4100,Josh Oliver,19,17,36,-7.5,51,win
3,2021,TE,NYG,h,ATL,1.1,5100,Evan Engram,17,14,31,3,48,loss
3,2021,TE,KC,h,LAC,1.1,4100,Blake Bell,30,24,54,6.5,55,loss
3,2021,TE,NYJ,a,DEN,1,4000,Ryan Griffin,0,26,26,10.5,42,loss
3,2021,TE,KC,h,LAC,1,4000,Noah Gray,30,24,54,6.5,55,loss
3,2021,TE,GB,a,SF,0.9,4100,Josiah Deguara,30,28,58,3.5,50.5,win
3,2021,TE,NE,h,NO,0.9,5200,Jonnu Smith,28,13,41,3,44,loss
3,2021,TE,TEN,h,IND,0.8,4000,Tommy Hudson,16,25,41,4.5,47,win
3,2021,TE,JAX,h,ARI,0.4,4000,Luke Farrell,31,19,50,-8,51.5,loss
3,2021,TE,NO,a,NE,0,4800,Juwan Johnson,28,13,41,3,44,win
3,2021,TE,WAS,a,BUF,0,4400,Ricky Seals-Jones,21,43,64,7.5,45.5,loss
3,2021,TE,DAL,h,PHI,0,4100,Jeremy Sprinkle,21,41,62,3.5,51.5,win
3,2021,TE,NO,a,NE,0,4000,Garrett Griffin,28,13,41,3,44,win
3,2021,TE,CHI,a,CLE,0,4500,Jimmy Graham,6,26,32,7.5,45,loss
3,2021,TE,NYG,h,ATL,0,4500,Kyle Rudolph,17,14,31,3,48,loss
3,2021,TE,MIN,h,SEA,0,4000,Ben Ellefson,17,30,47,-2,53.5,win
3,2021,TE,JAX,h,ARI,0,4300,Chris Manhertz,31,19,50,-8,51.5,loss
3,2021,TE,CHI,a,CLE,0,4200,Jesse James,6,26,32,7.5,45,loss
3,2021,TE,DEN,h,NYJ,0,4000,Andrew Beck,0,26,26,10.5,42,win
3,2021,TE,HOU,h,CAR,0,4000,Antony Auclair,24,9,33,-8,43,loss
3,2021,TE,GB,a,SF,0,4200,Marcedes Lewis,30,28,58,3.5,50.5,win
3,2021,TE,KC,h,LAC,0,4000,James Winchester,30,24,54,6.5,55,loss
3,2021,TE,MIA,a,LV,0,4000,Cethan Carter,28,31,59,4,45,loss
3,2021,TE,MIA,a,LV,0,4100,Adam Shaheen,28,31,59,4,45,loss
3,2021,TE,HOU,h,CAR,0,4800,Pharaoh Brown,24,9,33,-8,43,loss
3,2021,TE,CAR,a,HOU,0,4300,Ian Thomas,24,9,33,-8,43,win
3,2021,TE,BAL,a,DET,0,4000,Eric Tomlinson,19,17,36,-7.5,51,win
3,2021,TE,LV,h,MIA,0,4000,Derek Carrier,28,31,59,4,45,win
3,2021,TE,NO,a,NE,0,4400,Adam Trautman,28,13,41,3,44,win
3,2021,TE,ARI,a,JAX,0,4000,Demetrius Harris,31,19,50,-8,51.5,win
3,2021,TE,PIT,h,CIN,0,4500,Eric Ebron,24,10,34,2.5,42.5,loss
3,2021,TE,CIN,a,PIT,0,4800,CJ Uzomah,24,10,34,2.5,42.5,win
3,2021,TE,MIN,h,SEA,0,4300,Chris Herndon,17,30,47,-2,53.5,win
3,2021,TE,CIN,a,PIT,0,4200,Drew Sample,24,10,34,2.5,42.5,win
3,2021,TE,LA,h,TB,0,4000,Johnny Mundt,24,34,58,-1,55,win
3,2021,TE,CLE,h,CHI,0,4900,Harrison Bryant,6,26,32,7.5,45,win
3,2021,TE,CHI,a,CLE,0,4000,JP Holtz,6,26,32,7.5,45,loss
3,2021,TE,ATL,a,NYG,0,4900,Hayden Hurst,17,14,31,3,48,win
3,2021,TE,CLE,h,CHI,0,5000,David Njoku,6,26,32,7.5,45,win
3,2021,TE,DEN,h,NYJ,0,4000,Eric Saubert,0,26,26,10.5,42,win
3,2021,TE,PIT,h,CIN,0,4000,Zach Gentry,24,10,34,2.5,42.5,loss
3,2021,TE,TB,a,LA,0,4000,Deon Yelder,24,34,58,-1,55,loss
3,2021,TE,ARI,a,JAX,0,4000,Darrell Daniels,31,19,50,-8,51.5,win
3,2021,TE,WAS,a,BUF,0,4000,John Bates,21,43,64,7.5,45.5,loss
3,2021,TE,CAR,a,HOU,0,4000,Colin Thompson,24,9,33,-8,43,win
3,2021,TE,BUF,h,WAS,0,4000,Reggie Gilliam,21,43,64,7.5,45.5,win
3,2021,TE,LAC,a,KC,0,4000,Stephen Anderson,30,24,54,6.5,55,win
3,2021,TE,NYJ,a,DEN,0,4000,Daniel Brown,0,26,26,10.5,42,loss
3,2021,TE,MIA,a,LV,0,4400,Durham Smythe,28,31,59,4,45,loss
3,2021,TE,SF,h,GB,0,4100,Charlie Woerner,30,28,58,3.5,50.5,loss
3,2021,TE,NYJ,a,DEN,0,4100,Trevon Wesco,0,26,26,10.5,42,loss
3,2021,TE,SF,h,GB,0,4200,Ross Dwelley,30,28,58,3.5,50.5,loss
3,2021,PK,CLE,h,CHI,19,3,Chase McLaughlin,6,26,32,7.5,45,win
3,2021,PK,BAL,a,DET,17,3,Justin Tucker,19,17,36,-7.5,51,win
3,2021,PK,DEN,h,NYJ,16,3,Brandon McManus,0,26,26,10.5,42,win
3,2021,PK,GB,a,SF,16,3,Mason Crosby,30,28,58,3.5,50.5,win
3,2021,PK,BUF,h,WAS,14,3,Tyler Bass,21,43,64,7.5,45.5,win
3,2021,PK,MIN,h,SEA,13,3,Greg Joseph,17,30,47,-2,53.5,win
3,2021,PK,LV,h,MIA,13,3,Daniel Carlson,28,31,59,4,45,win
3,2021,PK,MIA,a,LV,11,3,Jason Sanders,28,31,59,4,45,loss
3,2021,PK,IND,a,TEN,11,3,Rodrigo Blankenship,16,25,41,4.5,47,loss
3,2021,PK,LA,h,TB,11,3,Matt Gay,24,34,58,-1,55,win
3,2021,PK,NE,h,NO,8,3,Nick Folk,28,13,41,3,44,loss
3,2021,PK,SEA,a,MIN,7,3,Jason Myers,17,30,47,-2,53.5,loss
3,2021,PK,CHI,a,CLE,7,3,Cairo Santos,6,26,32,7.5,45,loss
3,2021,PK,CIN,a,PIT,7,3,Evan McPherson,24,10,34,2.5,42.5,win
3,2021,PK,ARI,a,JAX,7,3,Matt Prater,31,19,50,-8,51.5,win
3,2021,PK,ATL,a,NYG,6,3,Younghoe Koo,17,14,31,3,48,win
3,2021,PK,CAR,a,HOU,6,3,Zane Gonzalez,24,9,33,-8,43,win
3,2021,PK,TB,a,LA,6,3,Ryan Succop,24,34,58,-1,55,loss
3,2021,PK,NYG,h,ATL,6,3,Graham Gano,17,14,31,3,48,loss
3,2021,PK,KC,h,LAC,6,3,Harrison Butker,30,24,54,6.5,55,loss
3,2021,PK,DET,h,BAL,5,3,Ryan Santoso,19,17,36,-7.5,51,loss
3,2021,PK,HOU,h,CAR,5,3,Joey Slye,24,9,33,-8,43,loss
3,2021,PK,DAL,h,PHI,5,3,Greg Zuerlein,21,41,62,3.5,51.5,win
3,2021,PK,TEN,h,IND,5,3,Randy Bullock,16,25,41,4.5,47,win
3,2021,PK,NO,a,NE,4,3,Aldrick Rosas,28,13,41,3,44,win
3,2021,PK,PIT,h,CIN,4,3,Chris Boswell,24,10,34,2.5,42.5,loss
3,2021,PK,LAC,a,KC,4,3,Tristan Vizcaino,30,24,54,6.5,55,win
3,2021,PK,SF,h,GB,4,3,Robbie Gould,30,28,58,3.5,50.5,loss
3,2021,PK,PHI,a,DAL,3,3,Jake Elliott,21,41,62,3.5,51.5,loss
3,2021,PK,WAS,a,BUF,3,3,Dustin Hopkins,21,43,64,7.5,45.5,loss
3,2021,PK,JAX,h,ARI,1,3,Josh Lambo,31,19,50,-8,51.5,loss
3,2021,Def,ARI,a,JAX,21,4600,Cardinals DST,31,19,50,-8,51.5,win
3,2021,Def,NO,a,NE,20,4300,Saints DST,28,13,41,3,44,win
3,2021,Def,DEN,h,NYJ,19,5000,Broncos DST,0,26,26,10.5,42,win
3,2021,Def,CLE,h,CHI,16,4200,Browns DST,6,26,32,7.5,45,win
3,2021,Def,DAL,h,PHI,13,3900,Cowboys DST,21,41,62,3.5,51.5,win
3,2021,Def,CIN,a,PIT,12,3400,Bengals DST,24,10,34,2.5,42.5,win
3,2021,Def,MIA,a,LV,10,3800,Dolphins DST,28,31,59,4,45,loss
3,2021,Def,LAC,a,KC,10,3300,Chargers DST,30,24,54,6.5,55,win
3,2021,Def,PHI,a,DAL,8,3500,Eagles DST,21,41,62,3.5,51.5,loss
3,2021,Def,CAR,a,HOU,8,4500,Panthers DST,24,9,33,-8,43,win
3,2021,Def,BUF,h,WAS,7,4100,Bills DST,21,43,64,7.5,45.5,win
3,2021,Def,DET,h,BAL,7,3000,Lions DST,19,17,36,-7.5,51,loss
3,2021,Def,GB,a,SF,7,4000,Packers DST,30,28,58,3.5,50.5,win
3,2021,Def,IND,a,TEN,7,3800,Colts DST,16,25,41,4.5,47,loss
3,2021,Def,NYG,h,ATL,6,3900,Giants DST,17,14,31,3,48,loss
3,2021,Def,ATL,a,NYG,5,3500,Falcons DST,17,14,31,3,48,win
3,2021,Def,CHI,a,CLE,5,4100,Bears DST,6,26,32,7.5,45,loss
3,2021,Def,LV,h,MIA,4,4000,Raiders DST,28,31,59,4,45,win
3,2021,Def,NYJ,a,DEN,4,3200,Jets DST,0,26,26,10.5,42,loss
3,2021,Def,HOU,h,CAR,3,3400,Texans DST,24,9,33,-8,43,loss
3,2021,Def,LA,h,TB,3,4000,Rams DST,24,34,58,-1,55,win
3,2021,Def,MIN,h,SEA,3,3500,Vikings DST,17,30,47,-2,53.5,win
3,2021,Def,NE,h,NO,3,4700,Patriots DST,28,13,41,3,44,loss
3,2021,Def,BAL,a,DET,3,4400,Ravens DST,19,17,36,-7.5,51,win
3,2021,Def,TEN,h,IND,3,4500,Titans DST,16,25,41,4.5,47,win
3,2021,Def,JAX,h,ARI,2,3100,Jaguars DST,31,19,50,-8,51.5,loss
3,2021,Def,PIT,h,CIN,2,4800,Steelers DST,24,10,34,2.5,42.5,loss
3,2021,Def,TB,a,LA,0,3900,Buccaneers DST,24,34,58,-1,55,loss
3,2021,Def,KC,h,LAC,0,3700,Chiefs DST,30,24,54,6.5,55,loss
3,2021,Def,SF,h,GB,0,4200,49ers DST,30,28,58,3.5,50.5,loss
3,2021,Def,SEA,a,MIN,0,3600,Seahawks DST,17,30,47,-2,53.5,loss
3,2021,Def,WAS,a,BUF,-4,3700,Football Team,21,43,64,7.5,45.5,loss
