yearSeason,slugSeason,slugLeague,typeSeason,dateGame,idGame,numberGameTeamSeason,nameTeam,idTeam,isB2B,isB2BFirst,isB2BSecond,locationGame,slugMatchup,slugTeam,countDaysRestTeam,countDaysNextGameTeam,slugOpponent,slugTeamWinner,slugTeamLoser,outcomeGame,isWin,fgmTeam,fgaTeam,pctFGTeam,fg3mTeam,fg3aTeam,pctFG3Team,pctFTTeam,hasVideo,fg2mTeam,fg2aTeam,pctFG2Team,minutesTeam,ftmTeam,ftaTeam,orebTeam,drebTeam,trebTeam,astTeam,stlTeam,blkTeam,tovTeam,pfTeam,ptsTeam,plusminusTeam,urlTeamSeasonLogo
2021,2020-21,NBA,Regular Season,2020-12-22,22000002,1,LA Clippers,1610612746,FALSE,FALSE,FALSE,A,LAC @ LAL,LAC,120,2,LAL,LAC,LAL,W,TRUE,44,93,0.473,14,40,0.35,0.737,TRUE,30,53,0.5660377358490566,240,14,19,11,29,40,22,10,3,16,29,116,7,https://stats.nba.com/media/img/teams/logos/season/2020-21/LAC_logo.svg
2021,2020-21,NBA,Regular Season,2020-12-22,22000002,1,Los Angeles Lakers,1610612747,FALSE,FALSE,FALSE,H,LAL vs. LAC,LAL,120,2,LAC,LAC,LAL,L,FALSE,38,81,0.469,9,29,0.3103448275862069,0.774,TRUE,29,52,0.5576923076923077,240,24,31,8,37,45,22,4,2,19,20,109,-7,https://stats.nba.com/media/img/teams/logos/season/2020-21/LAL_logo.svg
2021,2020-21,NBA,Regular Season,2020-12-22,22000001,1,Brooklyn Nets,1610612751,FALSE,FALSE,FALSE,H,BKN vs. GSW,BKN,120,2,GSW,BKN,GSW,W,TRUE,42,92,0.457,15,35,0.42857142857142855,0.813,TRUE,27,57,0.47368421052631576,240,26,32,13,44,57,24,11,7,20,22,125,26,https://stats.nba.com/media/img/teams/logos/season/2020-21/BKN_logo.svg
2021,2020-21,NBA,Regular Season,2020-12-22,22000001,1,Golden State Warriors,1610612744,FALSE,FALSE,FALSE,A,GSW @ BKN,GSW,120,2,BKN,BKN,GSW,L,FALSE,37,99,0.374,10,33,0.30303030303030304,0.652,TRUE,27,66,0.4090909090909091,240,15,23,13,34,47,26,6,6,18,24,99,-26,https://stats.nba.com/media/img/teams/logos/season/2020-21/GSW_logo.svg
2021,2020-21,NBA,Regular Season,2020-12-23,22000019,1,Denver Nuggets,1610612743,FALSE,FALSE,FALSE,H,DEN vs. SAC,DEN,120,1,SAC,SAC,DEN,L,FALSE,47,98,0.48,8,29,0.27586206896551724,0.833,TRUE,39,69,0.5652173913043478,265,20,24,10,36,46,28,6,11,15,25,122,-2,https://stats.nba.com/media/img/teams/logos/season/2020-21/DEN_logo.svg
2021,2020-21,NBA,Regular Season,2020-12-23,22000019,1,Sacramento Kings,1610612758,FALSE,TRUE,FALSE,A,SAC @ DEN,SAC,120,2,DEN,SAC,DEN,W,TRUE,45,102,0.441,10,31,0.3225806451612903,0.774,TRUE,35,71,0.49295774647887325,265,24,31,18,36,54,27,5,7,15,29,124,2,https://stats.nba.com/media/img/teams/logos/season/2020-21/SAC_logo.svg
2021,2020-21,NBA,Regular Season,2020-12-23,22000004,1,Phoenix Suns,1610612756,FALSE,TRUE,FALSE,H,PHX vs. DAL,PHX,120,2,DAL,PHX,DAL,W,TRUE,38,79,0.481,11,30,0.36666666666666664,0.704,TRUE,27,49,0.5510204081632653,240,19,27,6,42,48,21,7,7,19,26,106,4,https://stats.nba.com/media/img/teams/logos/season/2020-21/PHX_logo.svg
2021,2020-21,NBA,Regular Season,2020-12-23,22000004,1,Dallas Mavericks,1610612742,FALSE,FALSE,FALSE,A,DAL @ PHX,DAL,120,1,PHX,PHX,DAL,L,FALSE,36,85,0.424,9,37,0.24324324324324326,0.808,TRUE,27,48,0.5625,240,21,26,6,33,39,17,6,0,12,23,102,-4,https://stats.nba.com/media/img/teams/logos/season/2020-21/DAL_logo.svg
2021,2020-21,NBA,Regular Season,2020-12-23,22000020,1,Utah Jazz,1610612762,FALSE,FALSE,FALSE,A,UTA @ POR,UTA,120,2,POR,UTA,POR,W,TRUE,43,94,0.457,19,50,0.38,0.789,TRUE,24,44,0.5454545454545454,240,15,19,12,47,59,24,3,3,11,16,120,20,https://stats.nba.com/media/img/teams/logos/season/2020-21/UTA_logo.svg
2021,2020-21,NBA,Regular Season,2020-12-23,22000020,1,Portland Trail Blazers,1610612757,FALSE,FALSE,FALSE,H,POR vs. UTA,POR,120,2,UTA,UTA,POR,L,FALSE,37,92,0.402,12,33,0.36363636363636365,0.824,TRUE,25,59,0.423728813559322,240,14,17,6,34,40,23,6,3,6,18,100,-20,https://stats.nba.com/media/img/teams/logos/season/2020-21/POR_logo.svg
2021,2020-21,NBA,Regular Season,2020-12-23,22000017,1,Memphis Grizzlies,1610612763,FALSE,FALSE,FALSE,H,MEM vs. SAS,MEM,120,2,SAS,SAS,MEM,L,FALSE,49,95,0.516,10,27,0.37037037037037035,0.611,TRUE,39,68,0.5735294117647058,240,11,18,5,37,42,27,6,8,11,20,119,-12,https://stats.nba.com/media/img/teams/logos/season/2020-21/MEM_logo.svg
2021,2020-21,NBA,Regular Season,2020-12-23,22000017,1,San Antonio Spurs,1610612759,FALSE,TRUE,FALSE,A,SAS @ MEM,SAS,120,2,MEM,SAS,MEM,W,TRUE,48,95,0.505,10,25,0.4,0.862,TRUE,38,70,0.5428571428571428,240,25,29,8,40,48,28,8,8,11,18,131,12,https://stats.nba.com/media/img/teams/logos/season/2020-21/SAS_logo.svg
2021,2020-21,NBA,Regular Season,2020-12-23,22000018,1,Minnesota Timberwolves,1610612750,FALSE,TRUE,FALSE,H,MIN vs. DET,MIN,120,2,DET,MIN,DET,W,TRUE,38,88,0.432,11,41,0.2682926829268293,0.857,TRUE,27,47,0.574468085106383,240,24,28,12,36,48,25,6,5,12,16,111,10,https://stats.nba.com/media/img/teams/logos/season/2020-21/MIN_logo.svg
2021,2020-21,NBA,Regular Season,2020-12-23,22000018,1,Detroit Pistons,1610612765,FALSE,FALSE,FALSE,A,DET @ MIN,DET,120,2,MIN,MIN,DET,L,FALSE,45,93,0.484,8,35,0.22857142857142856,0.375,TRUE,37,58,0.6379310344827587,240,3,8,7,37,44,29,5,2,15,20,101,-10,https://stats.nba.com/media/img/teams/logos/season/2020-21/DET_logo.svg
2021,2020-21,NBA,Regular Season,2020-12-23,22000015,1,Atlanta Hawks,1610612737,FALSE,FALSE,FALSE,A,ATL @ CHI,ATL,120,2,CHI,ATL,CHI,W,TRUE,43,80,0.538,14,35,0.4,0.828,TRUE,29,45,0.6444444444444445,240,24,29,8,38,46,24,6,3,23,29,124,20,https://stats.nba.com/media/img/teams/logos/season/2020-21/ATL_logo.svg
2021,2020-21,NBA,Regular Season,2020-12-23,22000015,1,Chicago Bulls,1610612741,FALSE,TRUE,FALSE,H,CHI vs. ATL,CHI,120,2,ATL,ATL,CHI,L,FALSE,36,87,0.414,8,35,0.22857142857142856,0.857,TRUE,28,52,0.5384615384615384,240,24,28,8,29,37,20,10,3,17,22,104,-20,https://stats.nba.com/media/img/teams/logos/season/2020-21/CHI_logo.svg
2021,2020-21,NBA,Regular Season,2020-12-23,22000003,1,Boston Celtics,1610612738,FALSE,FALSE,FALSE,H,BOS vs. MIL,BOS,120,1,MIL,BOS,MIL,W,TRUE,48,101,0.475,18,40,0.45,0.727,TRUE,30,61,0.4918032786885246,240,8,11,10,27,37,23,8,6,7,17,122,1,https://stats.nba.com/media/img/teams/logos/season/2020-21/BOS_logo.svg
2021,2020-21,NBA,Regular Season,2020-12-23,22000003,1,Milwaukee Bucks,1610612749,FALSE,FALSE,FALSE,A,MIL @ BOS,MIL,120,1,BOS,BOS,MIL,L,FALSE,46,90,0.511,14,35,0.4,0.833,TRUE,32,55,0.5818181818181818,240,15,18,11,41,52,19,4,6,16,20,121,-1,https://stats.nba.com/media/img/teams/logos/season/2020-21/MIL_logo.svg
2021,2020-21,NBA,Regular Season,2020-12-23,22000014,1,Toronto Raptors,1610612761,FALSE,FALSE,FALSE,H,TOR vs. NOP,TOR,120,2,NOP,NOP,TOR,L,FALSE,38,89,0.427,14,46,0.30434782608695654,0.75,TRUE,24,43,0.5581395348837209,240,9,12,7,28,35,26,10,5,21,22,99,-14,https://stats.nba.com/media/img/teams/logos/season/2020-21/TOR_logo.svg
2021,2020-21,NBA,Regular Season,2020-12-23,22000014,1,New Orleans Pelicans,1610612740,FALSE,FALSE,FALSE,A,NOP @ TOR,NOP,120,1,TOR,NOP,TOR,W,TRUE,42,80,0.525,19,42,0.4523809523809524,0.5,TRUE,23,38,0.6052631578947368,240,10,20,8,37,45,30,13,7,27,17,113,14,https://stats.nba.com/media/img/teams/logos/season/2020-21/NOP_logo.svg
2021,2020-21,NBA,Regular Season,2020-12-23,22000013,1,Washington Wizards,1610612764,FALSE,TRUE,FALSE,A,WAS @ PHI,WAS,120,2,PHI,PHI,WAS,L,FALSE,39,85,0.459,13,27,0.48148148148148145,0.696,TRUE,26,58,0.4482758620689655,240,16,23,5,35,40,28,7,4,20,26,107,-6,https://stats.nba.com/media/img/teams/logos/season/2020-21/WAS_logo.svg
2021,2020-21,NBA,Regular Season,2020-12-23,22000013,1,Philadelphia 76ers,1610612755,FALSE,TRUE,FALSE,H,PHI vs. WAS,PHI,120,2,WAS,PHI,WAS,W,TRUE,41,87,0.471,8,28,0.2857142857142857,0.767,TRUE,33,59,0.559322033898305,240,23,30,10,37,47,22,11,8,18,25,113,6,https://stats.nba.com/media/img/teams/logos/season/2020-21/PHI_logo.svg
2021,2020-21,NBA,Regular Season,2020-12-23,22000012,1,Orlando Magic,1610612753,FALSE,TRUE,FALSE,H,ORL vs. MIA,ORL,120,2,MIA,ORL,MIA,W,TRUE,42,88,0.477,10,28,0.35714285714285715,0.633,TRUE,32,60,0.5333333333333333,240,19,30,11,30,41,23,15,3,18,19,113,6,https://stats.nba.com/media/img/teams/logos/season/2020-21/ORL_logo.svg
2021,2020-21,NBA,Regular Season,2020-12-23,22000012,1,Miami Heat,1610612748,FALSE,FALSE,FALSE,A,MIA @ ORL,MIA,120,1,ORL,ORL,MIA,L,FALSE,42,83,0.506,7,20,0.35,0.842,TRUE,35,63,0.5555555555555556,240,16,19,7,36,43,25,11,2,22,21,107,-6,https://stats.nba.com/media/img/teams/logos/season/2020-21/MIA_logo.svg
2021,2020-21,NBA,Regular Season,2020-12-23,22000011,1,Indiana Pacers,1610612754,FALSE,TRUE,FALSE,H,IND vs. NYK,IND,120,2,NYK,IND,NYK,W,TRUE,46,94,0.489,8,34,0.23529411764705882,0.724,TRUE,38,60,0.6333333333333333,240,21,29,10,40,50,28,6,9,13,24,121,14,https://stats.nba.com/media/img/teams/logos/season/2020-21/IND_logo.svg
2021,2020-21,NBA,Regular Season,2020-12-23,22000011,1,New York Knicks,1610612752,FALSE,TRUE,FALSE,A,NYK @ IND,NYK,120,2,IND,IND,NYK,L,FALSE,39,85,0.459,12,28,0.42857142857142855,0.739,TRUE,27,57,0.47368421052631576,240,17,23,5,35,40,25,8,8,16,27,107,-14,https://stats.nba.com/media/img/teams/logos/season/2020-21/NYK_logo.svg
2021,2020-21,NBA,Regular Season,2020-12-23,22000010,1,Charlotte Hornets,1610612766,FALSE,TRUE,FALSE,A,CHA @ CLE,CHA,120,2,CLE,CLE,CHA,L,FALSE,45,90,0.5,16,44,0.36363636363636365,0.533,TRUE,29,46,0.6304347826086957,240,8,15,8,24,32,29,10,4,15,17,114,-7,https://stats.nba.com/media/img/teams/logos/season/2020-21/CHA_logo.svg
2021,2020-21,NBA,Regular Season,2020-12-23,22000010,1,Cleveland Cavaliers,1610612739,FALSE,TRUE,FALSE,H,CLE vs. CHA,CLE,120,2,CHA,CLE,CHA,W,TRUE,46,87,0.529,14,30,0.4666666666666667,0.75,TRUE,32,57,0.5614035087719298,240,15,20,10,40,50,34,12,3,21,22,121,7,https://stats.nba.com/media/img/teams/logos/season/2020-21/CLE_logo.svg
2021,2020-21,NBA,Regular Season,2020-12-25,22000005,2,Miami Heat,1610612748,FALSE,TRUE,FALSE,H,MIA vs. NOP,MIA,1,3,NOP,MIA,NOP,W,TRUE,38,75,0.507,16,37,0.43243243243243246,0.826,TRUE,22,38,0.5789473684210527,240,19,23,4,31,35,29,11,2,17,25,111,13,https://stats.nba.com/media/img/teams/logos/season/2020-21/MIA_logo.svg
2021,2020-21,NBA,Regular Season,2020-12-25,22000005,2,New Orleans Pelicans,1610612740,FALSE,FALSE,FALSE,A,NOP @ MIA,NOP,1,1,MIA,MIA,NOP,L,FALSE,31,78,0.397,10,35,0.2857142857142857,0.788,TRUE,21,43,0.4883720930232558,240,26,33,11,30,41,18,8,2,19,20,98,-13,https://stats.nba.com/media/img/teams/logos/season/2020-21/NOP_logo.svg
2021,2020-21,NBA,Regular Season,2020-12-25,22000009,2,LA Clippers,1610612746,FALSE,FALSE,FALSE,A,LAC @ DEN,LAC,2,1,DEN,LAC,DEN,W,TRUE,41,74,0.554,19,38,0.5,0.833,TRUE,22,36,0.6111111111111112,240,20,24,9,29,38,32,9,4,21,32,121,13,https://stats.nba.com/media/img/teams/logos/season/2020-21/LAC_logo.svg
2021,2020-21,NBA,Regular Season,2020-12-25,22000009,2,Denver Nuggets,1610612743,FALSE,TRUE,FALSE,H,DEN vs. LAC,DEN,1,2,LAC,LAC,DEN,L,FALSE,37,81,0.457,11,36,0.3055555555555556,0.742,TRUE,26,45,0.5777777777777777,240,23,31,10,22,32,25,7,1,13,20,108,-13,https://stats.nba.com/media/img/teams/logos/season/2020-21/DEN_logo.svg
2021,2020-21,NBA,Regular Season,2020-12-25,22000008,2,Dallas Mavericks,1610612742,FALSE,FALSE,FALSE,A,DAL @ LAL,DAL,1,1,LAL,LAL,DAL,L,FALSE,41,83,0.494,13,32,0.40625,0.769,TRUE,28,51,0.5490196078431373,240,20,26,3,24,27,20,13,3,9,22,115,-23,https://stats.nba.com/media/img/teams/logos/season/2020-21/DAL_logo.svg
2021,2020-21,NBA,Regular Season,2020-12-25,22000008,2,Los Angeles Lakers,1610612747,FALSE,TRUE,FALSE,H,LAL vs. DAL,LAL,2,1,DAL,LAL,DAL,W,TRUE,51,91,0.56,19,39,0.48717948717948717,0.708,TRUE,32,52,0.6153846153846154,240,17,24,17,36,53,33,9,4,17,23,138,23,https://stats.nba.com/media/img/teams/logos/season/2020-21/LAL_logo.svg
2021,2020-21,NBA,Regular Season,2020-12-25,22000007,2,Brooklyn Nets,1610612751,FALSE,TRUE,FALSE,A,BKN @ BOS,BKN,2,1,BOS,BKN,BOS,W,TRUE,41,76,0.539,15,29,0.5172413793103449,0.839,TRUE,26,47,0.5531914893617021,240,26,31,9,34,43,21,5,10,16,22,123,28,https://stats.nba.com/media/img/teams/logos/season/2020-21/BKN_logo.svg
2021,2020-21,NBA,Regular Season,2020-12-25,22000007,2,Boston Celtics,1610612738,FALSE,FALSE,FALSE,H,BOS vs. BKN,BOS,1,1,BKN,BKN,BOS,L,FALSE,37,98,0.378,8,27,0.2962962962962963,0.684,TRUE,29,71,0.4084507042253521,240,13,19,20,27,47,23,6,5,15,27,95,-28,https://stats.nba.com/media/img/teams/logos/season/2020-21/BOS_logo.svg
2021,2020-21,NBA,Regular Season,2020-12-25,22000006,2,Milwaukee Bucks,1610612749,FALSE,FALSE,FALSE,H,MIL vs. GSW,MIL,1,1,GSW,MIL,GSW,W,TRUE,50,90,0.556,20,36,0.5555555555555556,0.692,TRUE,30,54,0.5555555555555556,240,18,26,11,49,60,25,6,4,18,17,138,39,https://stats.nba.com/media/img/teams/logos/season/2020-21/MIL_logo.svg
2021,2020-21,NBA,Regular Season,2020-12-25,22000006,2,Golden State Warriors,1610612744,FALSE,FALSE,FALSE,A,GSW @ MIL,GSW,2,1,MIL,MIL,GSW,L,FALSE,34,99,0.343,10,45,0.2222222222222222,0.84,TRUE,24,54,0.4444444444444444,240,21,25,10,33,43,14,5,6,11,22,99,-39,https://stats.nba.com/media/img/teams/logos/season/2020-21/GSW_logo.svg
2021,2020-21,NBA,Regular Season,2020-12-26,22000028,2,Minnesota Timberwolves,1610612750,TRUE,FALSE,FALSE,A,MIN @ UTA,MIN,2,0,UTA,MIN,UTA,W,TRUE,45,101,0.446,13,29,0.4482758620689655,0.722,TRUE,32,72,0.4444444444444444,240,13,18,12,28,40,21,9,5,10,28,116,5,https://stats.nba.com/media/img/teams/logos/season/2020-21/MIN_logo.svg
2021,2020-21,NBA,Regular Season,2020-12-26,22000028,2,Utah Jazz,1610612762,FALSE,FALSE,FALSE,H,UTA vs. MIN,UTA,2,1,MIN,MIN,UTA,L,FALSE,36,94,0.383,10,34,0.29411764705882354,0.784,TRUE,26,60,0.43333333333333335,240,29,37,19,38,57,15,5,4,19,20,111,-5,https://stats.nba.com/media/img/teams/logos/season/2020-21/UTA_logo.svg
2021,2020-21,NBA,Regular Season,2020-12-26,22000029,2,Portland Trail Blazers,1610612757,FALSE,FALSE,FALSE,H,POR vs. HOU,POR,2,1,HOU,POR,HOU,W,TRUE,47,102,0.461,19,45,0.4222222222222222,0.652,TRUE,28,57,0.49122807017543857,265,15,23,11,34,45,27,10,5,14,20,128,2,https://stats.nba.com/media/img/teams/logos/season/2020-21/POR_logo.svg
2021,2020-21,NBA,Regular Season,2020-12-26,22000029,1,Houston Rockets,1610612745,FALSE,FALSE,FALSE,A,HOU @ POR,HOU,120,1,POR,POR,HOU,L,FALSE,45,87,0.517,11,35,0.3142857142857143,0.781,TRUE,34,52,0.6538461538461539,265,25,32,10,32,42,27,5,5,16,22,126,-2,https://stats.nba.com/media/img/teams/logos/season/2020-21/HOU_logo.svg
2021,2020-21,NBA,Regular Season,2020-12-26,22000030,2,Phoenix Suns,1610612756,TRUE,FALSE,FALSE,A,PHX @ SAC,PHX,2,0,SAC,SAC,PHX,L,FALSE,41,98,0.418,11,44,0.25,0.769,TRUE,30,54,0.5555555555555556,240,10,13,10,30,40,25,8,5,11,23,103,-3,https://stats.nba.com/media/img/teams/logos/season/2020-21/PHX_logo.svg
2021,2020-21,NBA,Regular Season,2020-12-26,22000030,2,Sacramento Kings,1610612758,TRUE,FALSE,FALSE,H,SAC vs. PHX,SAC,2,0,PHX,SAC,PHX,W,TRUE,39,86,0.453,5,23,0.21739130434782608,0.697,TRUE,34,63,0.5396825396825397,240,23,33,15,41,56,20,4,9,18,22,106,3,https://stats.nba.com/media/img/teams/logos/season/2020-21/SAC_logo.svg
2021,2020-21,NBA,Regular Season,2020-12-26,22000027,2,San Antonio Spurs,1610612759,TRUE,FALSE,FALSE,H,SAS vs. TOR,SAS,2,0,TOR,SAS,TOR,W,TRUE,47,100,0.47,14,34,0.4117647058823529,0.688,TRUE,33,66,0.5,240,11,16,14,39,53,36,4,3,16,20,119,5,https://stats.nba.com/media/img/teams/logos/season/2020-21/SAS_logo.svg
2021,2020-21,NBA,Regular Season,2020-12-26,22000027,2,Toronto Raptors,1610612761,FALSE,FALSE,FALSE,A,TOR @ SAS,TOR,2,2,SAS,SAS,TOR,L,FALSE,44,96,0.458,15,41,0.36585365853658536,0.733,TRUE,29,55,0.5272727272727272,240,11,15,10,36,46,32,8,9,12,23,114,-5,https://stats.nba.com/media/img/teams/logos/season/2020-21/TOR_logo.svg
2021,2020-21,NBA,Regular Season,2020-12-26,22000026,2,Chicago Bulls,1610612741,TRUE,FALSE,FALSE,H,CHI vs. IND,CHI,2,0,IND,IND,CHI,L,FALSE,34,91,0.374,16,39,0.41025641025641024,0.88,TRUE,18,52,0.34615384615384615,240,22,25,13,28,41,23,7,7,20,16,106,-19,https://stats.nba.com/media/img/teams/logos/season/2020-21/CHI_logo.svg
2021,2020-21,NBA,Regular Season,2020-12-26,22000026,2,Indiana Pacers,1610612754,TRUE,FALSE,FALSE,A,IND @ CHI,IND,2,0,CHI,IND,CHI,W,TRUE,52,93,0.559,9,26,0.34615384615384615,0.632,TRUE,43,67,0.6417910447761194,240,12,19,9,40,49,34,15,4,16,26,125,19,https://stats.nba.com/media/img/teams/logos/season/2020-21/IND_logo.svg
2021,2020-21,NBA,Regular Season,2020-12-26,22000023,2,Detroit Pistons,1610612765,FALSE,TRUE,FALSE,H,DET vs. CLE,DET,2,1,CLE,CLE,DET,L,FALSE,40,98,0.408,16,45,0.35555555555555557,0.719,TRUE,24,53,0.4528301886792453,290,23,32,10,47,57,24,9,5,24,20,119,-9,https://stats.nba.com/media/img/teams/logos/season/2020-21/DET_logo.svg
2021,2020-21,NBA,Regular Season,2020-12-26,22000023,2,Cleveland Cavaliers,1610612739,TRUE,FALSE,FALSE,A,CLE @ DET,CLE,2,0,DET,CLE,DET,W,TRUE,48,99,0.485,13,30,0.43333333333333335,0.633,TRUE,35,69,0.5072463768115942,290,19,30,7,44,51,29,13,4,19,24,128,9,https://stats.nba.com/media/img/teams/logos/season/2020-21/CLE_logo.svg
2021,2020-21,NBA,Regular Season,2020-12-26,22000025,2,Philadelphia 76ers,1610612755,TRUE,FALSE,FALSE,A,PHI @ NYK,PHI,2,0,NYK,PHI,NYK,W,TRUE,41,88,0.466,11,31,0.3548387096774194,0.727,TRUE,30,57,0.5263157894736842,240,16,22,12,35,47,20,9,6,12,19,109,20,https://stats.nba.com/media/img/teams/logos/season/2020-21/PHI_logo.svg
2021,2020-21,NBA,Regular Season,2020-12-26,22000025,2,New York Knicks,1610612752,TRUE,FALSE,FALSE,H,NYK vs. PHI,NYK,2,0,PHI,PHI,NYK,L,FALSE,32,83,0.386,8,29,0.27586206896551724,0.739,TRUE,24,54,0.4444444444444444,240,17,23,13,30,43,19,6,4,16,23,89,-20,https://stats.nba.com/media/img/teams/logos/season/2020-21/NYK_logo.svg
2021,2020-21,NBA,Regular Season,2020-12-26,22000024,2,Orlando Magic,1610612753,TRUE,FALSE,FALSE,A,ORL @ WAS,ORL,2,0,WAS,ORL,WAS,W,TRUE,48,95,0.505,11,31,0.3548387096774194,0.793,TRUE,37,64,0.578125,240,23,29,11,43,54,25,8,0,14,21,130,10,https://stats.nba.com/media/img/teams/logos/season/2020-21/ORL_logo.svg
2021,2020-21,NBA,Regular Season,2020-12-26,22000024,2,Washington Wizards,1610612764,TRUE,FALSE,FALSE,H,WAS vs. ORL,WAS,2,0,ORL,ORL,WAS,L,FALSE,46,95,0.484,13,37,0.35135135135135137,0.536,TRUE,33,58,0.5689655172413793,240,15,28,7,36,43,28,5,3,14,25,120,-10,https://stats.nba.com/media/img/teams/logos/season/2020-21/WAS_logo.svg
2021,2020-21,NBA,Regular Season,2020-12-26,22000022,1,Oklahoma City Thunder,1610612760,FALSE,TRUE,FALSE,A,OKC @ CHA,OKC,120,1,CHA,OKC,CHA,W,TRUE,40,88,0.455,10,36,0.2777777777777778,0.792,TRUE,30,52,0.5769230769230769,240,19,24,9,45,54,25,10,7,17,21,109,2,https://stats.nba.com/media/img/teams/logos/season/2020-21/OKC_logo.svg
2021,2020-21,NBA,Regular Season,2020-12-26,22000022,2,Charlotte Hornets,1610612766,TRUE,FALSE,FALSE,H,CHA vs. OKC,CHA,2,0,OKC,OKC,CHA,L,FALSE,37,93,0.398,13,32,0.40625,0.625,TRUE,24,61,0.39344262295081966,240,20,32,13,34,47,27,11,8,13,22,107,-2,https://stats.nba.com/media/img/teams/logos/season/2020-21/CHA_logo.svg
2021,2020-21,NBA,Regular Season,2020-12-26,22000021,2,Memphis Grizzlies,1610612763,FALSE,FALSE,FALSE,H,MEM vs. ATL,MEM,2,1,ATL,ATL,MEM,L,FALSE,37,93,0.398,13,43,0.3023255813953488,0.862,TRUE,24,50,0.48,240,25,29,9,37,46,20,5,6,10,27,112,-10,https://stats.nba.com/media/img/teams/logos/season/2020-21/MEM_logo.svg
2021,2020-21,NBA,Regular Season,2020-12-26,22000021,2,Atlanta Hawks,1610612737,FALSE,FALSE,FALSE,A,ATL @ MEM,ATL,2,1,MEM,ATL,MEM,W,TRUE,38,89,0.427,13,36,0.3611111111111111,0.868,TRUE,25,53,0.4716981132075472,240,33,38,13,41,54,23,4,5,15,20,122,10,https://stats.nba.com/media/img/teams/logos/season/2020-21/ATL_logo.svg
2021,2020-21,NBA,Regular Season,2020-12-27,22000031,3,Dallas Mavericks,1610612742,FALSE,FALSE,FALSE,A,DAL @ LAC,DAL,1,2,LAC,DAL,LAC,W,TRUE,43,87,0.494,14,41,0.34146341463414637,0.889,TRUE,29,46,0.6304347826086957,240,24,27,11,43,54,25,10,2,8,14,124,51,https://stats.nba.com/media/img/teams/logos/season/2020-21/DAL_logo.svg
2021,2020-21,NBA,Regular Season,2020-12-27,22000031,3,LA Clippers,1610612746,FALSE,TRUE,FALSE,H,LAC vs. DAL,LAC,1,1,DAL,DAL,LAC,L,FALSE,26,76,0.342,4,33,0.12121212121212122,0.85,TRUE,22,43,0.5116279069767442,240,17,20,5,31,36,13,2,2,14,19,73,-51,https://stats.nba.com/media/img/teams/logos/season/2020-21/LAC_logo.svg
2021,2020-21,NBA,Regular Season,2020-12-27,22000035,3,Philadelphia 76ers,1610612755,TRUE,FALSE,TRUE,A,PHI @ CLE,PHI,0,1,CLE,CLE,PHI,L,FALSE,33,79,0.418,12,37,0.32432432432432434,0.727,TRUE,21,42,0.5,240,16,22,8,31,39,24,9,5,22,19,94,-24,https://stats.nba.com/media/img/teams/logos/season/2020-21/PHI_logo.svg
2021,2020-21,NBA,Regular Season,2020-12-27,22000035,3,Cleveland Cavaliers,1610612739,TRUE,FALSE,TRUE,H,CLE vs. PHI,CLE,0,1,PHI,CLE,PHI,W,TRUE,48,91,0.527,9,23,0.391304347826087,0.813,TRUE,39,68,0.5735294117647058,240,13,16,11,34,45,31,13,6,16,22,118,24,https://stats.nba.com/media/img/teams/logos/season/2020-21/CLE_logo.svg
2021,2020-21,NBA,Regular Season,2020-12-27,22000040,3,Los Angeles Lakers,1610612747,TRUE,FALSE,FALSE,H,LAL vs. MIN,LAL,1,0,MIN,LAL,MIN,W,TRUE,50,90,0.556,13,35,0.37142857142857144,0.778,TRUE,37,55,0.6727272727272727,240,14,18,5,41,46,32,6,14,17,19,127,36,https://stats.nba.com/media/img/teams/logos/season/2020-21/LAL_logo.svg
2021,2020-21,NBA,Regular Season,2020-12-27,22000040,3,Minnesota Timberwolves,1610612750,TRUE,FALSE,TRUE,A,MIN @ LAL,MIN,0,1,LAL,LAL,MIN,L,FALSE,38,103,0.369,6,35,0.17142857142857143,0.643,TRUE,32,68,0.47058823529411764,240,9,14,17,31,48,24,11,6,18,24,91,-36,https://stats.nba.com/media/img/teams/logos/season/2020-21/MIN_logo.svg
2021,2020-21,NBA,Regular Season,2020-12-27,22000039,3,Phoenix Suns,1610612756,TRUE,FALSE,TRUE,A,PHX @ SAC,PHX,0,1,SAC,PHX,SAC,W,TRUE,46,94,0.489,14,35,0.4,0.909,TRUE,32,59,0.5423728813559322,240,10,11,8,36,44,34,6,3,9,20,116,16,https://stats.nba.com/media/img/teams/logos/season/2020-21/PHX_logo.svg
2021,2020-21,NBA,Regular Season,2020-12-27,22000039,3,Sacramento Kings,1610612758,TRUE,FALSE,TRUE,H,SAC vs. PHX,SAC,0,1,PHX,PHX,SAC,L,FALSE,36,76,0.474,10,23,0.43478260869565216,0.72,TRUE,26,53,0.49056603773584906,240,18,25,3,36,39,21,5,4,15,23,100,-16,https://stats.nba.com/media/img/teams/logos/season/2020-21/SAC_logo.svg
2021,2020-21,NBA,Regular Season,2020-12-27,22000038,3,Chicago Bulls,1610612741,TRUE,FALSE,TRUE,H,CHI vs. GSW,CHI,0,1,GSW,GSW,CHI,L,FALSE,44,86,0.512,17,41,0.4146341463414634,0.742,TRUE,27,45,0.6,240,23,31,7,47,54,27,4,6,24,21,128,-1,https://stats.nba.com/media/img/teams/logos/season/2020-21/CHI_logo.svg
2021,2020-21,NBA,Regular Season,2020-12-27,22000038,3,Golden State Warriors,1610612744,FALSE,FALSE,FALSE,A,GSW @ CHI,GSW,1,1,CHI,GSW,CHI,W,TRUE,42,104,0.404,18,47,0.3829787234042553,0.9,TRUE,24,57,0.42105263157894735,240,27,30,10,31,41,25,17,4,12,23,129,1,https://stats.nba.com/media/img/teams/logos/season/2020-21/GSW_logo.svg
2021,2020-21,NBA,Regular Season,2020-12-27,22000037,3,Boston Celtics,1610612738,FALSE,TRUE,FALSE,A,BOS @ IND,BOS,1,1,IND,IND,BOS,L,FALSE,40,79,0.506,9,23,0.391304347826087,0.75,TRUE,31,56,0.5535714285714286,240,18,24,6,34,40,21,13,7,18,17,107,-1,https://stats.nba.com/media/img/teams/logos/season/2020-21/BOS_logo.svg
2021,2020-21,NBA,Regular Season,2020-12-27,22000037,3,Indiana Pacers,1610612754,TRUE,FALSE,TRUE,H,IND vs. BOS,IND,0,1,BOS,IND,BOS,W,TRUE,45,88,0.511,7,26,0.2692307692307692,0.733,TRUE,38,62,0.6129032258064516,240,11,15,8,29,37,23,11,7,16,20,108,1,https://stats.nba.com/media/img/teams/logos/season/2020-21/IND_logo.svg
2021,2020-21,NBA,Regular Season,2020-12-27,22000036,3,Milwaukee Bucks,1610612749,FALSE,TRUE,FALSE,A,MIL @ NYK,MIL,1,1,NYK,NYK,MIL,L,FALSE,41,95,0.432,7,38,0.18421052631578946,0.724,TRUE,34,57,0.5964912280701754,240,21,29,17,27,44,24,7,5,11,21,110,-20,https://stats.nba.com/media/img/teams/logos/season/2020-21/MIL_logo.svg
2021,2020-21,NBA,Regular Season,2020-12-27,22000036,3,New York Knicks,1610612752,TRUE,FALSE,TRUE,H,NYK vs. MIL,NYK,0,1,MIL,NYK,MIL,W,TRUE,46,85,0.541,16,27,0.5925925925925926,0.815,TRUE,30,58,0.5172413793103449,240,22,27,8,38,46,27,5,4,16,23,130,20,https://stats.nba.com/media/img/teams/logos/season/2020-21/NYK_logo.svg
2021,2020-21,NBA,Regular Season,2020-12-27,22000034,3,San Antonio Spurs,1610612759,TRUE,FALSE,TRUE,A,SAS @ NOP,SAS,0,2,NOP,NOP,SAS,L,FALSE,38,89,0.427,11,36,0.3055555555555556,1,TRUE,27,53,0.5094339622641509,240,8,8,4,43,47,26,5,10,15,23,95,-3,https://stats.nba.com/media/img/teams/logos/season/2020-21/SAS_logo.svg
2021,2020-21,NBA,Regular Season,2020-12-27,22000034,3,New Orleans Pelicans,1610612740,FALSE,FALSE,FALSE,H,NOP vs. SAS,NOP,1,1,SAS,NOP,SAS,W,TRUE,36,94,0.383,5,24,0.20833333333333334,0.724,TRUE,31,70,0.44285714285714284,240,21,29,13,43,56,15,11,4,8,16,98,3,https://stats.nba.com/media/img/teams/logos/season/2020-21/NOP_logo.svg
2021,2020-21,NBA,Regular Season,2020-12-27,22000033,3,Orlando Magic,1610612753,TRUE,FALSE,TRUE,A,ORL @ WAS,ORL,0,1,WAS,ORL,WAS,W,TRUE,37,85,0.435,9,25,0.36,0.974,TRUE,28,60,0.4666666666666667,240,37,38,11,34,45,19,6,3,10,14,120,7,https://stats.nba.com/media/img/teams/logos/season/2020-21/ORL_logo.svg
2021,2020-21,NBA,Regular Season,2020-12-27,22000033,3,Washington Wizards,1610612764,TRUE,FALSE,TRUE,H,WAS vs. ORL,WAS,0,1,ORL,ORL,WAS,L,FALSE,47,97,0.485,8,32,0.25,0.846,TRUE,39,65,0.6,240,11,13,13,34,47,27,6,4,13,26,113,-7,https://stats.nba.com/media/img/teams/logos/season/2020-21/WAS_logo.svg
2021,2020-21,NBA,Regular Season,2020-12-27,22000032,3,Brooklyn Nets,1610612751,TRUE,FALSE,FALSE,A,BKN @ CHA,BKN,1,0,CHA,CHA,BKN,L,FALSE,35,82,0.427,17,47,0.3617021276595745,0.68,TRUE,18,35,0.5142857142857142,240,17,25,6,40,46,23,4,5,19,17,104,-2,https://stats.nba.com/media/img/teams/logos/season/2020-21/BKN_logo.svg
2021,2020-21,NBA,Regular Season,2020-12-27,22000032,3,Charlotte Hornets,1610612766,TRUE,FALSE,TRUE,H,CHA vs. BKN,CHA,0,2,BKN,CHA,BKN,W,TRUE,43,96,0.448,10,34,0.29411764705882354,0.588,TRUE,33,62,0.532258064516129,240,10,17,13,39,52,35,8,3,15,25,106,2,https://stats.nba.com/media/img/teams/logos/season/2020-21/CHA_logo.svg
2021,2020-21,NBA,Regular Season,2020-12-28,22000045,4,Los Angeles Lakers,1610612747,TRUE,FALSE,TRUE,H,LAL vs. POR,LAL,0,1,POR,POR,LAL,L,FALSE,41,87,0.471,10,27,0.37037037037037035,0.833,TRUE,31,60,0.5166666666666667,240,15,18,6,35,41,20,6,5,15,14,107,-8,https://stats.nba.com/media/img/teams/logos/season/2020-21/LAL_logo.svg
2021,2020-21,NBA,Regular Season,2020-12-28,22000045,3,Portland Trail Blazers,1610612757,FALSE,FALSE,FALSE,A,POR @ LAL,POR,1,1,LAL,POR,LAL,W,TRUE,43,92,0.467,16,46,0.34782608695652173,0.867,TRUE,27,46,0.5869565217391305,240,13,15,7,38,45,27,9,6,10,16,115,8,https://stats.nba.com/media/img/teams/logos/season/2020-21/POR_logo.svg
2021,2020-21,NBA,Regular Season,2020-12-28,22000044,3,Denver Nuggets,1610612743,TRUE,FALSE,FALSE,H,DEN vs. HOU,DEN,2,0,HOU,DEN,HOU,W,TRUE,46,87,0.529,14,31,0.45161290322580644,0.563,TRUE,32,56,0.5714285714285714,240,18,32,11,41,52,31,8,7,16,18,124,13,https://stats.nba.com/media/img/teams/logos/season/2020-21/DEN_logo.svg
2021,2020-21,NBA,Regular Season,2020-12-28,22000044,2,Houston Rockets,1610612745,FALSE,FALSE,FALSE,A,HOU @ DEN,HOU,1,2,DEN,DEN,HOU,L,FALSE,39,86,0.453,16,39,0.41025641025641024,0.739,TRUE,23,47,0.48936170212765956,240,17,23,5,33,38,25,8,3,16,25,111,-13,https://stats.nba.com/media/img/teams/logos/season/2020-21/HOU_logo.svg
2021,2020-21,NBA,Regular Season,2020-12-28,22000043,2,Oklahoma City Thunder,1610612760,TRUE,FALSE,FALSE,H,OKC vs. UTA,OKC,1,0,UTA,UTA,OKC,L,FALSE,40,86,0.465,15,38,0.39473684210526316,0.737,TRUE,25,48,0.5208333333333334,240,14,19,7,30,37,21,9,5,17,16,109,-1,https://stats.nba.com/media/img/teams/logos/season/2020-21/OKC_logo.svg
2021,2020-21,NBA,Regular Season,2020-12-28,22000043,3,Utah Jazz,1610612762,FALSE,TRUE,FALSE,A,UTA @ OKC,UTA,1,2,OKC,UTA,OKC,W,TRUE,43,86,0.5,13,36,0.3611111111111111,0.786,TRUE,30,50,0.6,240,11,14,8,35,43,24,9,6,17,19,110,1,https://stats.nba.com/media/img/teams/logos/season/2020-21/UTA_logo.svg
2021,2020-21,NBA,Regular Season,2020-12-28,22000042,4,Brooklyn Nets,1610612751,TRUE,FALSE,TRUE,H,BKN vs. MEM,BKN,0,1,MEM,MEM,BKN,L,FALSE,41,100,0.41,14,42,0.3333333333333333,0.882,TRUE,27,58,0.46551724137931033,265,15,17,13,37,50,28,13,6,17,20,111,-5,https://stats.nba.com/media/img/teams/logos/season/2020-21/BKN_logo.svg
2021,2020-21,NBA,Regular Season,2020-12-28,22000042,3,Memphis Grizzlies,1610612763,FALSE,FALSE,FALSE,A,MEM @ BKN,MEM,1,1,BKN,MEM,BKN,W,TRUE,42,98,0.429,10,29,0.3448275862068966,0.759,TRUE,32,69,0.463768115942029,265,22,29,16,40,56,20,10,4,19,17,116,5,https://stats.nba.com/media/img/teams/logos/season/2020-21/MEM_logo.svg
2021,2020-21,NBA,Regular Season,2020-12-28,22000041,3,Detroit Pistons,1610612765,TRUE,FALSE,FALSE,A,DET @ ATL,DET,1,0,ATL,ATL,DET,L,FALSE,43,98,0.439,13,41,0.3170731707317073,0.875,TRUE,30,57,0.5263157894736842,240,21,24,17,31,48,24,7,4,8,25,120,-8,https://stats.nba.com/media/img/teams/logos/season/2020-21/DET_logo.svg
2021,2020-21,NBA,Regular Season,2020-12-28,22000041,3,Atlanta Hawks,1610612737,FALSE,FALSE,FALSE,H,ATL vs. DET,ATL,1,1,DET,ATL,DET,W,TRUE,40,82,0.488,20,42,0.47619047619047616,0.875,TRUE,20,40,0.5,240,28,32,8,37,45,30,5,7,13,22,128,8,https://stats.nba.com/media/img/teams/logos/season/2020-21/ATL_logo.svg
2021,2020-21,NBA,Regular Season,2020-12-29,22000046,4,New York Knicks,1610612752,FALSE,FALSE,FALSE,A,NYK @ CLE,NYK,1,1,CLE,NYK,CLE,W,TRUE,34,79,0.43,14,25,0.56,0.619,TRUE,20,54,0.37037037037037035,240,13,21,14,41,55,23,9,6,27,21,95,9,https://stats.nba.com/media/img/teams/logos/season/2020-21/NYK_logo.svg
2021,2020-21,NBA,Regular Season,2020-12-29,22000046,4,Cleveland Cavaliers,1610612739,FALSE,FALSE,FALSE,H,CLE vs. NYK,CLE,1,1,NYK,NYK,CLE,L,FALSE,32,88,0.364,7,32,0.21875,0.682,TRUE,25,56,0.44642857142857145,240,15,22,14,29,43,22,13,10,13,17,86,-9,https://stats.nba.com/media/img/teams/logos/season/2020-21/CLE_logo.svg
2021,2020-21,NBA,Regular Season,2020-12-29,22000048,4,Boston Celtics,1610612738,TRUE,FALSE,FALSE,A,BOS @ IND,BOS,1,0,IND,BOS,IND,W,TRUE,40,80,0.5,9,22,0.4090909090909091,0.73,TRUE,31,58,0.5344827586206896,240,27,37,12,31,43,21,10,3,14,16,116,5,https://stats.nba.com/media/img/teams/logos/season/2020-21/BOS_logo.svg
2021,2020-21,NBA,Regular Season,2020-12-29,22000048,4,Indiana Pacers,1610612754,FALSE,FALSE,FALSE,H,IND vs. BOS,IND,1,1,BOS,BOS,IND,L,FALSE,43,84,0.512,12,33,0.36363636363636365,0.813,TRUE,31,51,0.6078431372549019,240,13,16,4,32,36,27,9,5,15,25,111,-5,https://stats.nba.com/media/img/teams/logos/season/2020-21/IND_logo.svg
2021,2020-21,NBA,Regular Season,2020-12-29,22000055,4,Denver Nuggets,1610612743,TRUE,FALSE,TRUE,A,DEN @ SAC,DEN,0,2,SAC,SAC,DEN,L,FALSE,44,81,0.543,11,28,0.39285714285714285,0.8,TRUE,33,53,0.6226415094339622,240,16,20,7,32,39,27,7,5,20,18,115,-10,https://stats.nba.com/media/img/teams/logos/season/2020-21/DEN_logo.svg
2021,2020-21,NBA,Regular Season,2020-12-29,22000055,4,Sacramento Kings,1610612758,FALSE,FALSE,FALSE,H,SAC vs. DEN,SAC,1,1,DEN,SAC,DEN,W,TRUE,46,94,0.489,16,33,0.48484848484848486,0.773,TRUE,30,61,0.4918032786885246,240,17,22,12,25,37,33,9,2,11,18,125,10,https://stats.nba.com/media/img/teams/logos/season/2020-21/SAC_logo.svg
2021,2020-21,NBA,Regular Season,2020-12-29,22000053,4,New Orleans Pelicans,1610612740,FALSE,FALSE,FALSE,A,NOP @ PHX,NOP,1,1,PHX,PHX,NOP,L,FALSE,37,77,0.481,3,24,0.125,0.5,TRUE,34,53,0.6415094339622641,240,9,18,7,34,41,18,8,3,18,14,86,-25,https://stats.nba.com/media/img/teams/logos/season/2020-21/NOP_logo.svg
2021,2020-21,NBA,Regular Season,2020-12-29,22000053,4,Phoenix Suns,1610612756,FALSE,TRUE,FALSE,H,PHX vs. NOP,PHX,1,1,NOP,PHX,NOP,W,TRUE,37,84,0.44,19,47,0.40425531914893614,0.947,TRUE,18,37,0.4864864864864865,240,18,19,12,31,43,24,7,4,12,18,111,25,https://stats.nba.com/media/img/teams/logos/season/2020-21/PHX_logo.svg
2021,2020-21,NBA,Regular Season,2020-12-29,22000054,4,LA Clippers,1610612746,TRUE,FALSE,FALSE,H,LAC vs. MIN,LAC,1,0,MIN,LAC,MIN,W,TRUE,47,88,0.534,16,31,0.5161290322580645,0.875,TRUE,31,57,0.543859649122807,240,14,16,7,39,46,32,6,10,15,21,124,23,https://stats.nba.com/media/img/teams/logos/season/2020-21/LAC_logo.svg
2021,2020-21,NBA,Regular Season,2020-12-29,22000054,4,Minnesota Timberwolves,1610612750,FALSE,FALSE,FALSE,A,MIN @ LAC,MIN,1,2,LAC,LAC,MIN,L,FALSE,37,89,0.416,13,38,0.34210526315789475,0.824,TRUE,24,51,0.47058823529411764,240,14,17,11,28,39,22,7,6,14,15,101,-23,https://stats.nba.com/media/img/teams/logos/season/2020-21/MIN_logo.svg
2021,2020-21,NBA,Regular Season,2020-12-29,22000052,3,Oklahoma City Thunder,1610612760,TRUE,FALSE,TRUE,H,OKC vs. ORL,OKC,0,1,ORL,ORL,OKC,L,FALSE,43,87,0.494,11,34,0.3235294117647059,0.526,TRUE,32,53,0.6037735849056604,240,10,19,10,37,47,20,3,7,20,18,107,-11,https://stats.nba.com/media/img/teams/logos/season/2020-21/OKC_logo.svg
2021,2020-21,NBA,Regular Season,2020-12-29,22000052,4,Orlando Magic,1610612753,FALSE,FALSE,FALSE,A,ORL @ OKC,ORL,1,1,OKC,ORL,OKC,W,TRUE,49,96,0.51,7,22,0.3181818181818182,0.813,TRUE,42,74,0.5675675675675675,240,13,16,12,34,46,26,12,2,11,23,118,11,https://stats.nba.com/media/img/teams/logos/season/2020-21/ORL_logo.svg
2021,2020-21,NBA,Regular Season,2020-12-29,22000051,3,Miami Heat,1610612748,TRUE,FALSE,FALSE,H,MIA vs. MIL,MIA,3,0,MIL,MIL,MIA,L,FALSE,37,79,0.468,11,37,0.2972972972972973,0.667,TRUE,26,42,0.6190476190476191,240,12,18,3,27,30,23,9,6,22,18,97,-47,https://stats.nba.com/media/img/teams/logos/season/2020-21/MIA_logo.svg
2021,2020-21,NBA,Regular Season,2020-12-29,22000051,4,Milwaukee Bucks,1610612749,TRUE,FALSE,FALSE,A,MIL @ MIA,MIL,1,0,MIA,MIL,MIA,W,TRUE,51,92,0.554,29,51,0.5686274509803921,0.867,TRUE,22,41,0.5365853658536586,240,13,15,10,35,45,32,14,2,17,22,144,47,https://stats.nba.com/media/img/teams/logos/season/2020-21/MIL_logo.svg
2021,2020-21,NBA,Regular Season,2020-12-29,22000047,4,Golden State Warriors,1610612744,FALSE,FALSE,FALSE,A,GSW @ DET,GSW,1,2,DET,GSW,DET,W,TRUE,38,76,0.5,14,33,0.42424242424242425,0.722,TRUE,24,43,0.5581395348837209,240,26,36,4,36,40,21,8,8,19,28,116,10,https://stats.nba.com/media/img/teams/logos/season/2020-21/GSW_logo.svg
2021,2020-21,NBA,Regular Season,2020-12-29,22000047,4,Detroit Pistons,1610612765,TRUE,FALSE,TRUE,H,DET vs. GSW,DET,0,2,GSW,GSW,DET,L,FALSE,35,92,0.38,13,35,0.37142857142857144,0.793,TRUE,22,57,0.38596491228070173,240,23,29,16,29,45,21,8,6,15,26,106,-10,https://stats.nba.com/media/img/teams/logos/season/2020-21/DET_logo.svg
2021,2020-21,NBA,Regular Season,2020-12-29,22000050,4,Washington Wizards,1610612764,FALSE,TRUE,FALSE,H,WAS vs. CHI,WAS,1,1,CHI,CHI,WAS,L,FALSE,37,84,0.44,10,37,0.2702702702702703,0.885,TRUE,27,47,0.574468085106383,240,23,26,8,39,47,25,6,6,21,28,107,-8,https://stats.nba.com/media/img/teams/logos/season/2020-21/WAS_logo.svg
2021,2020-21,NBA,Regular Season,2020-12-29,22000050,4,Chicago Bulls,1610612741,FALSE,TRUE,FALSE,A,CHI @ WAS,CHI,1,1,WAS,CHI,WAS,W,TRUE,38,87,0.437,15,36,0.4166666666666667,0.75,TRUE,23,51,0.45098039215686275,240,24,32,5,32,37,26,7,1,14,23,115,8,https://stats.nba.com/media/img/teams/logos/season/2020-21/CHI_logo.svg
2021,2020-21,NBA,Regular Season,2020-12-29,22000049,3,Toronto Raptors,1610612761,FALSE,FALSE,FALSE,A,TOR @ PHI,TOR,2,1,PHI,PHI,TOR,L,FALSE,32,90,0.356,17,45,0.37777777777777777,0.857,TRUE,15,45,0.3333333333333333,240,12,14,10,37,47,21,12,7,20,28,93,-7,https://stats.nba.com/media/img/teams/logos/season/2020-21/TOR_logo.svg
2021,2020-21,NBA,Regular Season,2020-12-29,22000049,4,Philadelphia 76ers,1610612755,FALSE,FALSE,FALSE,H,PHI vs. TOR,PHI,1,1,TOR,PHI,TOR,W,TRUE,32,84,0.381,8,31,0.25806451612903225,0.848,TRUE,24,53,0.4528301886792453,240,28,33,9,45,54,21,10,10,20,15,100,7,https://stats.nba.com/media/img/teams/logos/season/2020-21/PHI_logo.svg
2021,2020-21,NBA,Regular Season,2020-12-30,22000061,4,Portland Trail Blazers,1610612757,FALSE,FALSE,FALSE,A,POR @ LAC,POR,1,1,LAC,LAC,POR,L,FALSE,32,76,0.421,12,38,0.3157894736842105,0.853,TRUE,20,38,0.5263157894736842,240,29,34,5,36,41,14,5,4,19,17,105,-23,https://stats.nba.com/media/img/teams/logos/season/2020-21/POR_logo.svg
2021,2020-21,NBA,Regular Season,2020-12-30,22000061,5,LA Clippers,1610612746,TRUE,FALSE,TRUE,H,LAC vs. POR,LAC,0,1,POR,LAC,POR,W,TRUE,47,95,0.495,18,38,0.47368421052631576,0.727,TRUE,29,57,0.5087719298245614,240,16,22,11,36,47,30,13,6,11,25,128,23,https://stats.nba.com/media/img/teams/logos/season/2020-21/LAC_logo.svg
2021,2020-21,NBA,Regular Season,2020-12-30,22000059,4,Charlotte Hornets,1610612766,FALSE,TRUE,FALSE,A,CHA @ DAL,CHA,2,1,DAL,CHA,DAL,W,TRUE,43,84,0.512,15,34,0.4411764705882353,0.81,TRUE,28,50,0.56,240,17,21,12,38,50,30,6,6,24,28,118,19,https://stats.nba.com/media/img/teams/logos/season/2020-21/CHA_logo.svg
2021,2020-21,NBA,Regular Season,2020-12-30,22000059,4,Dallas Mavericks,1610612742,FALSE,FALSE,FALSE,H,DAL vs. CHA,DAL,2,1,CHA,CHA,DAL,L,FALSE,34,87,0.391,12,42,0.2857142857142857,0.576,TRUE,22,45,0.4888888888888889,240,19,33,13,26,39,24,10,6,14,16,99,-19,https://stats.nba.com/media/img/teams/logos/season/2020-21/DAL_logo.svg
2021,2020-21,NBA,Regular Season,2020-12-30,22000060,5,Los Angeles Lakers,1610612747,FALSE,FALSE,FALSE,A,LAL @ SAS,LAL,1,1,SAS,LAL,SAS,W,TRUE,46,82,0.561,14,26,0.5384615384615384,0.75,TRUE,32,56,0.5714285714285714,240,15,20,7,40,47,25,4,3,17,24,121,14,https://stats.nba.com/media/img/teams/logos/season/2020-21/LAL_logo.svg
2021,2020-21,NBA,Regular Season,2020-12-30,22000060,4,San Antonio Spurs,1610612759,FALSE,FALSE,FALSE,H,SAS vs. LAL,SAS,2,1,LAL,LAL,SAS,L,FALSE,40,87,0.46,10,24,0.4166666666666667,0.739,TRUE,30,63,0.47619047619047616,240,17,23,7,32,39,25,8,4,11,18,107,-14,https://stats.nba.com/media/img/teams/logos/season/2020-21/SAS_logo.svg
2021,2020-21,NBA,Regular Season,2020-12-30,22000058,4,Miami Heat,1610612748,TRUE,FALSE,TRUE,H,MIA vs. MIL,MIA,0,1,MIL,MIA,MIL,W,TRUE,40,82,0.488,15,39,0.38461538461538464,0.828,TRUE,25,43,0.5813953488372093,240,24,29,10,42,52,25,5,5,22,18,119,11,https://stats.nba.com/media/img/teams/logos/season/2020-21/MIA_logo.svg
2021,2020-21,NBA,Regular Season,2020-12-30,22000058,5,Milwaukee Bucks,1610612749,TRUE,FALSE,TRUE,A,MIL @ MIA,MIL,0,1,MIA,MIA,MIL,L,FALSE,40,102,0.392,16,41,0.3902439024390244,0.923,TRUE,24,61,0.39344262295081966,240,12,13,16,31,47,26,14,6,13,25,108,-11,https://stats.nba.com/media/img/teams/logos/season/2020-21/MIL_logo.svg
2021,2020-21,NBA,Regular Season,2020-12-30,22000056,5,Boston Celtics,1610612738,TRUE,FALSE,TRUE,H,BOS vs. MEM,BOS,0,1,MEM,BOS,MEM,W,TRUE,49,91,0.538,16,39,0.41025641025641024,0.857,TRUE,33,52,0.6346153846153846,240,12,14,10,32,42,27,17,11,16,21,126,19,https://stats.nba.com/media/img/teams/logos/season/2020-21/BOS_logo.svg
2021,2020-21,NBA,Regular Season,2020-12-30,22000056,4,Memphis Grizzlies,1610612763,FALSE,FALSE,FALSE,A,MEM @ BOS,MEM,1,1,BOS,BOS,MEM,L,FALSE,40,93,0.43,9,33,0.2727272727272727,0.72,TRUE,31,60,0.5166666666666667,240,18,25,14,32,46,26,8,3,22,13,107,-19,https://stats.nba.com/media/img/teams/logos/season/2020-21/MEM_logo.svg
2021,2020-21,NBA,Regular Season,2020-12-30,22000057,4,Atlanta Hawks,1610612737,FALSE,TRUE,FALSE,A,ATL @ BKN,ATL,1,1,BKN,BKN,ATL,L,FALSE,47,99,0.475,18,46,0.391304347826087,0.829,TRUE,29,53,0.5471698113207547,240,29,35,17,37,54,27,5,2,12,19,141,-4,https://stats.nba.com/media/img/teams/logos/season/2020-21/ATL_logo.svg
2021,2020-21,NBA,Regular Season,2020-12-30,22000057,5,Brooklyn Nets,1610612751,FALSE,FALSE,FALSE,H,BKN vs. ATL,BKN,1,1,ATL,BKN,ATL,W,TRUE,54,100,0.54,19,41,0.4634146341463415,0.783,TRUE,35,59,0.5932203389830508,240,18,23,9,31,40,30,6,3,9,24,145,4,https://stats.nba.com/media/img/teams/logos/season/2020-21/BKN_logo.svg
2021,2020-21,NBA,Regular Season,2020-12-31,22000068,5,Phoenix Suns,1610612756,TRUE,FALSE,FALSE,A,PHX @ UTA,PHX,1,0,UTA,PHX,UTA,W,TRUE,41,84,0.488,17,33,0.5151515151515151,0.7,TRUE,24,51,0.47058823529411764,240,7,10,5,36,41,26,5,6,15,17,106,11,https://stats.nba.com/media/img/teams/logos/season/2020-21/PHX_logo.svg
2021,2020-21,NBA,Regular Season,2020-12-31,22000068,4,Utah Jazz,1610612762,TRUE,FALSE,FALSE,H,UTA vs. PHX,UTA,2,0,PHX,PHX,UTA,L,FALSE,35,84,0.417,12,34,0.35294117647058826,0.684,TRUE,23,50,0.46,240,13,19,10,36,46,16,8,3,14,15,95,-11,https://stats.nba.com/media/img/teams/logos/season/2020-21/UTA_logo.svg
2021,2020-21,NBA,Regular Season,2020-12-31,22000067,4,Oklahoma City Thunder,1610612760,FALSE,FALSE,FALSE,H,OKC vs. NOP,OKC,1,1,NOP,NOP,OKC,L,FALSE,30,80,0.375,15,48,0.3125,0.333,TRUE,15,32,0.46875,240,5,15,7,33,40,24,6,3,19,20,80,-33,https://stats.nba.com/media/img/teams/logos/season/2020-21/OKC_logo.svg
2021,2020-21,NBA,Regular Season,2020-12-31,22000067,5,New Orleans Pelicans,1610612740,FALSE,FALSE,FALSE,A,NOP @ OKC,NOP,1,1,OKC,NOP,OKC,W,TRUE,44,91,0.484,13,36,0.3611111111111111,0.632,TRUE,31,55,0.5636363636363636,240,12,19,14,44,58,23,9,4,13,16,113,33,https://stats.nba.com/media/img/teams/logos/season/2020-21/NOP_logo.svg
2021,2020-21,NBA,Regular Season,2020-12-31,22000066,4,Toronto Raptors,1610612761,FALSE,FALSE,FALSE,H,TOR vs. NYK,TOR,1,1,NYK,TOR,NYK,W,TRUE,34,83,0.41,17,52,0.3269230769230769,0.714,TRUE,17,31,0.5483870967741935,240,15,21,9,44,53,21,7,6,18,22,100,17,https://stats.nba.com/media/img/teams/logos/season/2020-21/TOR_logo.svg
2021,2020-21,NBA,Regular Season,2020-12-31,22000066,5,New York Knicks,1610612752,FALSE,FALSE,FALSE,A,NYK @ TOR,NYK,1,1,TOR,TOR,NYK,L,FALSE,32,88,0.364,3,36,0.08333333333333333,0.8,TRUE,29,52,0.5576923076923077,240,16,20,9,39,48,21,6,3,16,21,83,-17,https://stats.nba.com/media/img/teams/logos/season/2020-21/NYK_logo.svg
2021,2020-21,NBA,Regular Season,2020-12-31,22000065,5,Sacramento Kings,1610612758,FALSE,FALSE,FALSE,A,SAC @ HOU,SAC,1,1,HOU,HOU,SAC,L,FALSE,45,96,0.469,11,33,0.3333333333333333,0.75,TRUE,34,63,0.5396825396825397,240,18,24,14,31,45,23,11,5,15,21,119,-3,https://stats.nba.com/media/img/teams/logos/season/2020-21/SAC_logo.svg
2021,2020-21,NBA,Regular Season,2020-12-31,22000065,3,Houston Rockets,1610612745,FALSE,FALSE,FALSE,H,HOU vs. SAC,HOU,2,1,SAC,HOU,SAC,W,TRUE,45,86,0.523,13,36,0.3611111111111111,0.76,TRUE,32,50,0.64,240,19,25,10,35,45,26,10,6,18,14,122,3,https://stats.nba.com/media/img/teams/logos/season/2020-21/HOU_logo.svg
2021,2020-21,NBA,Regular Season,2020-12-31,22000064,5,Philadelphia 76ers,1610612755,FALSE,FALSE,FALSE,A,PHI @ ORL,PHI,1,1,ORL,PHI,ORL,W,TRUE,44,91,0.484,15,33,0.45454545454545453,0.867,TRUE,29,58,0.5,240,13,15,7,47,54,23,7,10,15,23,116,24,https://stats.nba.com/media/img/teams/logos/season/2020-21/PHI_logo.svg
2021,2020-21,NBA,Regular Season,2020-12-31,22000064,5,Orlando Magic,1610612753,FALSE,FALSE,FALSE,H,ORL vs. PHI,ORL,1,1,PHI,PHI,ORL,L,FALSE,33,95,0.347,7,28,0.25,0.905,TRUE,26,67,0.3880597014925373,240,19,21,10,38,48,17,2,5,11,15,92,-24,https://stats.nba.com/media/img/teams/logos/season/2020-21/ORL_logo.svg
2021,2020-21,NBA,Regular Season,2020-12-31,22000063,5,Washington Wizards,1610612764,TRUE,FALSE,FALSE,H,WAS vs. CHI,WAS,1,0,CHI,CHI,WAS,L,FALSE,42,84,0.5,14,29,0.4827586206896552,0.78,TRUE,28,55,0.509090909090909,240,32,41,9,28,37,27,8,4,14,27,130,-3,https://stats.nba.com/media/img/teams/logos/season/2020-21/WAS_logo.svg
2021,2020-21,NBA,Regular Season,2020-12-31,22000063,5,Chicago Bulls,1610612741,TRUE,FALSE,FALSE,A,CHI @ WAS,CHI,1,0,WAS,CHI,WAS,W,TRUE,50,92,0.543,14,36,0.3888888888888889,0.76,TRUE,36,56,0.6428571428571429,240,19,25,9,35,44,34,9,3,17,27,133,3,https://stats.nba.com/media/img/teams/logos/season/2020-21/CHI_logo.svg
2021,2020-21,NBA,Regular Season,2020-12-31,22000062,5,Cleveland Cavaliers,1610612739,FALSE,FALSE,FALSE,A,CLE @ IND,CLE,1,1,IND,IND,CLE,L,FALSE,37,82,0.451,12,23,0.5217391304347826,0.542,TRUE,25,59,0.423728813559322,240,13,24,11,32,43,22,5,6,18,22,99,-20,https://stats.nba.com/media/img/teams/logos/season/2020-21/CLE_logo.svg
2021,2020-21,NBA,Regular Season,2020-12-31,22000062,5,Indiana Pacers,1610612754,FALSE,FALSE,FALSE,H,IND vs. CLE,IND,1,1,CLE,IND,CLE,W,TRUE,42,87,0.483,16,35,0.45714285714285713,0.792,TRUE,26,52,0.5,240,19,24,9,35,44,28,12,1,14,22,119,20,https://stats.nba.com/media/img/teams/logos/season/2020-21/IND_logo.svg
2021,2020-21,NBA,Regular Season,2021-01-01,22000078,5,Golden State Warriors,1610612744,FALSE,FALSE,FALSE,H,GSW vs. POR,GSW,2,1,POR,POR,GSW,L,FALSE,31,79,0.392,7,35,0.2,0.879,TRUE,24,44,0.5454545454545454,240,29,33,3,41,44,19,4,9,15,28,98,-25,https://stats.nba.com/media/img/teams/logos/season/2020-21/GSW_logo.svg
2021,2020-21,NBA,Regular Season,2021-01-01,22000078,5,Portland Trail Blazers,1610612757,FALSE,FALSE,FALSE,A,POR @ GSW,POR,1,1,GSW,POR,GSW,W,TRUE,40,92,0.435,20,43,0.46511627906976744,0.767,TRUE,20,49,0.40816326530612246,240,23,30,8,43,51,23,11,3,10,27,123,25,https://stats.nba.com/media/img/teams/logos/season/2020-21/POR_logo.svg
2021,2020-21,NBA,Regular Season,2021-01-01,22000076,6,Phoenix Suns,1610612756,TRUE,FALSE,TRUE,A,PHX @ DEN,PHX,0,1,DEN,PHX,DEN,W,TRUE,37,76,0.487,13,35,0.37142857142857144,0.905,TRUE,24,41,0.5853658536585366,240,19,21,8,29,37,24,1,4,17,20,106,3,https://stats.nba.com/media/img/teams/logos/season/2020-21/PHX_logo.svg
2021,2020-21,NBA,Regular Season,2021-01-01,22000076,5,Denver Nuggets,1610612743,FALSE,FALSE,FALSE,H,DEN vs. PHX,DEN,2,1,PHX,PHX,DEN,L,FALSE,39,85,0.459,12,29,0.41379310344827586,0.813,TRUE,27,56,0.48214285714285715,240,13,16,8,30,38,28,7,1,12,25,103,-3,https://stats.nba.com/media/img/teams/logos/season/2020-21/DEN_logo.svg
2021,2020-21,NBA,Regular Season,2021-01-01,22000077,5,Utah Jazz,1610612762,TRUE,FALSE,TRUE,H,UTA vs. LAC,UTA,0,1,LAC,UTA,LAC,W,TRUE,41,89,0.461,15,42,0.35714285714285715,0.643,TRUE,26,47,0.5531914893617021,240,9,14,13,33,46,28,3,3,14,20,106,6,https://stats.nba.com/media/img/teams/logos/season/2020-21/UTA_logo.svg
2021,2020-21,NBA,Regular Season,2021-01-01,22000077,6,LA Clippers,1610612746,FALSE,FALSE,FALSE,A,LAC @ UTA,LAC,1,1,UTA,UTA,LAC,L,FALSE,33,85,0.388,13,33,0.3939393939393939,0.875,TRUE,20,52,0.38461538461538464,240,21,24,12,31,43,19,6,8,10,16,100,-6,https://stats.nba.com/media/img/teams/logos/season/2020-21/LAC_logo.svg
2021,2020-21,NBA,Regular Season,2021-01-01,22000075,6,Los Angeles Lakers,1610612747,FALSE,FALSE,FALSE,A,LAL @ SAS,LAL,1,1,SAS,LAL,SAS,W,TRUE,41,101,0.406,14,33,0.42424242424242425,0.813,TRUE,27,68,0.39705882352941174,240,13,16,16,42,58,27,8,7,13,20,109,6,https://stats.nba.com/media/img/teams/logos/season/2020-21/LAL_logo.svg
2021,2020-21,NBA,Regular Season,2021-01-01,22000075,5,San Antonio Spurs,1610612759,FALSE,FALSE,FALSE,H,SAS vs. LAL,SAS,1,1,LAL,LAL,SAS,L,FALSE,36,85,0.424,13,34,0.38235294117647056,0.692,TRUE,23,51,0.45098039215686275,240,18,26,8,37,45,23,3,8,13,20,103,-6,https://stats.nba.com/media/img/teams/logos/season/2020-21/SAS_logo.svg
2021,2020-21,NBA,Regular Season,2021-01-01,22000073,6,Milwaukee Bucks,1610612749,FALSE,FALSE,FALSE,H,MIL vs. CHI,MIL,1,NA,CHI,MIL,CHI,W,TRUE,42,85,0.494,22,45,0.4888888888888889,0.667,TRUE,20,40,0.5,240,20,30,5,39,44,27,16,6,17,19,126,30,https://stats.nba.com/media/img/teams/logos/season/2020-21/MIL_logo.svg
2021,2020-21,NBA,Regular Season,2021-01-01,22000073,6,Chicago Bulls,1610612741,TRUE,FALSE,TRUE,A,CHI @ MIL,CHI,0,1,MIL,MIL,CHI,L,FALSE,38,87,0.437,6,26,0.23076923076923078,0.7,TRUE,32,61,0.5245901639344263,240,14,20,6,36,42,18,10,6,21,21,96,-30,https://stats.nba.com/media/img/teams/logos/season/2020-21/CHI_logo.svg
2021,2020-21,NBA,Regular Season,2021-01-01,22000074,5,Minnesota Timberwolves,1610612750,FALSE,FALSE,FALSE,H,MIN vs. WAS,MIN,2,1,WAS,WAS,MIN,L,FALSE,42,88,0.477,13,36,0.3611111111111111,0.571,TRUE,29,52,0.5576923076923077,240,12,21,11,32,43,17,9,3,20,22,109,-21,https://stats.nba.com/media/img/teams/logos/season/2020-21/MIN_logo.svg
2021,2020-21,NBA,Regular Season,2021-01-01,22000074,6,Washington Wizards,1610612764,TRUE,FALSE,TRUE,A,WAS @ MIN,WAS,0,1,MIN,WAS,MIN,W,TRUE,49,89,0.551,16,33,0.48484848484848486,0.762,TRUE,33,56,0.5892857142857143,240,16,21,8,35,43,35,9,3,16,19,130,21,https://stats.nba.com/media/img/teams/logos/season/2020-21/WAS_logo.svg
2021,2020-21,NBA,Regular Season,2021-01-01,22000072,5,Atlanta Hawks,1610612737,TRUE,FALSE,FALSE,A,ATL @ BKN,ATL,1,0,BKN,ATL,BKN,W,TRUE,43,93,0.462,16,39,0.41025641025641024,0.857,TRUE,27,54,0.5,240,12,14,10,38,48,24,8,3,11,20,114,18,https://stats.nba.com/media/img/teams/logos/season/2020-21/ATL_logo.svg
2021,2020-21,NBA,Regular Season,2021-01-01,22000072,6,Brooklyn Nets,1610612751,FALSE,FALSE,FALSE,H,BKN vs. ATL,BKN,1,1,ATL,ATL,BKN,L,FALSE,35,86,0.407,7,37,0.1891891891891892,0.826,TRUE,28,49,0.5714285714285714,240,19,23,10,35,45,19,6,6,15,16,96,-18,https://stats.nba.com/media/img/teams/logos/season/2020-21/BKN_logo.svg
2021,2020-21,NBA,Regular Season,2021-01-01,22000070,5,Detroit Pistons,1610612765,FALSE,FALSE,FALSE,H,DET vs. BOS,DET,2,1,BOS,DET,BOS,W,TRUE,36,88,0.409,11,34,0.3235294117647059,0.65,TRUE,25,54,0.46296296296296297,240,13,20,13,35,48,18,9,2,19,16,96,3,https://stats.nba.com/media/img/teams/logos/season/2020-21/DET_logo.svg
2021,2020-21,NBA,Regular Season,2021-01-01,22000070,6,Boston Celtics,1610612738,FALSE,FALSE,FALSE,A,BOS @ DET,BOS,1,1,DET,DET,BOS,L,FALSE,39,83,0.47,8,31,0.25806451612903225,0.5,TRUE,31,52,0.5961538461538461,240,7,14,7,38,45,20,12,10,21,20,93,-3,https://stats.nba.com/media/img/teams/logos/season/2020-21/BOS_logo.svg
2021,2020-21,NBA,Regular Season,2021-01-01,22000071,5,Miami Heat,1610612748,FALSE,FALSE,FALSE,A,MIA @ DAL,MIA,1,NA,DAL,DAL,MIA,L,FALSE,29,78,0.372,7,33,0.21212121212121213,0.72,TRUE,22,45,0.4888888888888889,240,18,25,5,36,41,20,10,2,16,24,83,-10,https://stats.nba.com/media/img/teams/logos/season/2020-21/MIA_logo.svg
2021,2020-21,NBA,Regular Season,2021-01-01,22000071,5,Dallas Mavericks,1610612742,FALSE,FALSE,FALSE,H,DAL vs. MIA,DAL,1,1,MIA,DAL,MIA,W,TRUE,32,78,0.41,12,37,0.32432432432432434,0.739,TRUE,20,41,0.4878048780487805,240,17,23,4,45,49,18,9,3,17,25,93,10,https://stats.nba.com/media/img/teams/logos/season/2020-21/DAL_logo.svg
2021,2020-21,NBA,Regular Season,2021-01-01,22000069,5,Charlotte Hornets,1610612766,TRUE,FALSE,FALSE,H,CHA vs. MEM,CHA,1,0,MEM,MEM,CHA,L,FALSE,35,86,0.407,9,31,0.2903225806451613,0.667,TRUE,26,55,0.4727272727272727,240,14,21,10,32,42,23,9,4,19,15,93,-15,https://stats.nba.com/media/img/teams/logos/season/2020-21/CHA_logo.svg
2021,2020-21,NBA,Regular Season,2021-01-01,22000069,5,Memphis Grizzlies,1610612763,FALSE,FALSE,FALSE,A,MEM @ CHA,MEM,1,1,CHA,MEM,CHA,W,TRUE,43,90,0.478,14,39,0.358974358974359,0.8,TRUE,29,51,0.5686274509803921,240,8,10,10,38,48,34,10,6,17,18,108,15,https://stats.nba.com/media/img/teams/logos/season/2020-21/MEM_logo.svg
2021,2020-21,NBA,Regular Season,2021-01-02,22000083,6,Cleveland Cavaliers,1610612739,FALSE,FALSE,FALSE,A,CLE @ ATL,CLE,1,NA,ATL,CLE,ATL,W,TRUE,38,91,0.418,7,29,0.2413793103448276,0.765,TRUE,31,62,0.5,240,13,17,15,31,46,19,10,2,15,21,96,5,https://stats.nba.com/media/img/teams/logos/season/2020-21/CLE_logo.svg
2021,2020-21,NBA,Regular Season,2021-01-02,22000083,6,Atlanta Hawks,1610612737,TRUE,FALSE,TRUE,H,ATL vs. CLE,ATL,0,NA,CLE,CLE,ATL,L,FALSE,35,85,0.412,11,32,0.34375,0.526,TRUE,24,53,0.4528301886792453,240,10,19,15,33,48,22,9,5,22,20,91,-5,https://stats.nba.com/media/img/teams/logos/season/2020-21/ATL_logo.svg
2021,2020-21,NBA,Regular Season,2021-01-02,22000084,6,New Orleans Pelicans,1610612740,FALSE,FALSE,FALSE,H,NOP vs. TOR,NOP,1,NA,TOR,NOP,TOR,W,TRUE,35,83,0.422,14,38,0.3684210526315789,0.766,TRUE,21,45,0.4666666666666667,240,36,47,15,36,51,26,5,7,13,18,120,4,https://stats.nba.com/media/img/teams/logos/season/2020-21/NOP_logo.svg
2021,2020-21,NBA,Regular Season,2021-01-02,22000084,5,Toronto Raptors,1610612761,FALSE,FALSE,FALSE,A,TOR @ NOP,TOR,1,NA,NOP,NOP,TOR,L,FALSE,38,91,0.418,14,48,0.2916666666666667,0.963,TRUE,24,43,0.5581395348837209,240,26,27,10,29,39,21,6,4,9,29,116,-4,https://stats.nba.com/media/img/teams/logos/season/2020-21/TOR_logo.svg
2021,2020-21,NBA,Regular Season,2021-01-02,22000082,6,Philadelphia 76ers,1610612755,FALSE,FALSE,FALSE,H,PHI vs. CHA,PHI,1,NA,CHA,PHI,CHA,W,TRUE,47,79,0.595,16,35,0.45714285714285713,0.708,TRUE,31,44,0.7045454545454546,240,17,24,7,38,45,35,10,7,22,17,127,15,https://stats.nba.com/media/img/teams/logos/season/2020-21/PHI_logo.svg
2021,2020-21,NBA,Regular Season,2021-01-02,22000082,6,Charlotte Hornets,1610612766,TRUE,FALSE,TRUE,A,CHA @ PHI,CHA,0,NA,PHI,PHI,CHA,L,FALSE,38,92,0.413,13,35,0.37142857142857144,0.885,TRUE,25,57,0.43859649122807015,240,23,26,14,26,40,34,15,5,12,18,112,-15,https://stats.nba.com/media/img/teams/logos/season/2020-21/CHA_logo.svg
2021,2020-21,NBA,Regular Season,2021-01-02,22000080,6,New York Knicks,1610612752,FALSE,FALSE,FALSE,A,NYK @ IND,NYK,1,NA,IND,NYK,IND,W,TRUE,42,83,0.506,12,27,0.4444444444444444,0.769,TRUE,30,56,0.5357142857142857,240,10,13,10,41,51,23,4,3,16,16,106,4,https://stats.nba.com/media/img/teams/logos/season/2020-21/NYK_logo.svg
2021,2020-21,NBA,Regular Season,2021-01-02,22000080,6,Indiana Pacers,1610612754,FALSE,FALSE,FALSE,H,IND vs. NYK,IND,1,NA,NYK,NYK,IND,L,FALSE,34,84,0.405,19,50,0.38,0.833,TRUE,15,34,0.4411764705882353,240,15,18,5,27,32,22,6,4,9,21,102,-4,https://stats.nba.com/media/img/teams/logos/season/2020-21/IND_logo.svg
2021,2020-21,NBA,Regular Season,2021-01-02,22000081,6,Orlando Magic,1610612753,FALSE,FALSE,FALSE,H,ORL vs. OKC,ORL,1,NA,OKC,OKC,ORL,L,FALSE,40,108,0.37,10,38,0.2631578947368421,0.75,TRUE,30,70,0.42857142857142855,240,9,12,15,40,55,21,7,2,6,18,99,-9,https://stats.nba.com/media/img/teams/logos/season/2020-21/ORL_logo.svg
2021,2020-21,NBA,Regular Season,2021-01-02,22000081,5,Oklahoma City Thunder,1610612760,FALSE,FALSE,FALSE,A,OKC @ ORL,OKC,1,NA,ORL,OKC,ORL,W,TRUE,38,86,0.442,13,41,0.3170731707317073,0.905,TRUE,25,45,0.5555555555555556,240,19,21,6,46,52,22,5,4,12,17,108,9,https://stats.nba.com/media/img/teams/logos/season/2020-21/OKC_logo.svg
2021,2020-21,NBA,Regular Season,2021-01-02,22000079,4,Houston Rockets,1610612745,FALSE,FALSE,FALSE,H,HOU vs. SAC,HOU,1,NA,SAC,HOU,SAC,W,TRUE,36,80,0.45,13,41,0.3170731707317073,0.739,TRUE,23,39,0.5897435897435898,240,17,23,6,42,48,15,10,10,14,22,102,8,https://stats.nba.com/media/img/teams/logos/season/2020-21/HOU_logo.svg
2021,2020-21,NBA,Regular Season,2021-01-02,22000079,6,Sacramento Kings,1610612758,FALSE,FALSE,FALSE,A,SAC @ HOU,SAC,1,NA,HOU,HOU,SAC,L,FALSE,35,90,0.389,9,28,0.32142857142857145,0.714,TRUE,26,62,0.41935483870967744,240,15,21,14,33,47,11,5,4,15,21,94,-8,https://stats.nba.com/media/img/teams/logos/season/2020-21/SAC_logo.svg
2021,2020-21,NBA,Regular Season,2021-01-03,22000085,6,Detroit Pistons,1610612765,FALSE,FALSE,FALSE,H,DET vs. BOS,DET,1,NA,BOS,BOS,DET,L,FALSE,41,86,0.477,16,36,0.4444444444444444,0.88,TRUE,25,50,0.5,240,22,25,8,25,33,29,8,7,10,16,120,-2,https://stats.nba.com/media/img/teams/logos/season/2020-21/DET_logo.svg
2021,2020-21,NBA,Regular Season,2021-01-03,22000085,7,Boston Celtics,1610612738,FALSE,FALSE,FALSE,A,BOS @ DET,BOS,1,NA,DET,BOS,DET,W,TRUE,49,87,0.563,15,33,0.45454545454545453,0.692,TRUE,34,54,0.6296296296296297,240,9,13,12,29,41,35,4,5,18,22,122,2,https://stats.nba.com/media/img/teams/logos/season/2020-21/BOS_logo.svg
2021,2020-21,NBA,Regular Season,2021-01-03,22000092,6,Portland Trail Blazers,1610612757,FALSE,FALSE,FALSE,A,POR @ GSW,POR,1,NA,GSW,GSW,POR,L,FALSE,41,98,0.418,14,43,0.32558139534883723,0.788,TRUE,27,55,0.4909090909090909,240,26,33,12,28,40,16,7,2,12,27,122,-15,https://stats.nba.com/media/img/teams/logos/season/2020-21/POR_logo.svg
2021,2020-21,NBA,Regular Season,2021-01-03,22000092,6,Golden State Warriors,1610612744,FALSE,FALSE,FALSE,H,GSW vs. POR,GSW,1,NA,POR,GSW,POR,W,TRUE,49,88,0.557,13,34,0.38235294117647056,0.765,TRUE,36,54,0.6666666666666666,240,26,34,11,42,53,23,4,7,15,24,137,15,https://stats.nba.com/media/img/teams/logos/season/2020-21/GSW_logo.svg
2021,2020-21,NBA,Regular Season,2021-01-03,22000090,6,Dallas Mavericks,1610612742,FALSE,FALSE,FALSE,A,DAL @ CHI,DAL,1,NA,CHI,CHI,DAL,L,FALSE,39,88,0.443,11,42,0.2619047619047619,0.704,TRUE,28,46,0.6086956521739131,240,19,27,11,30,41,23,6,4,15,27,108,-10,https://stats.nba.com/media/img/teams/logos/season/2020-21/DAL_logo.svg
2021,2020-21,NBA,Regular Season,2021-01-03,22000090,7,Chicago Bulls,1610612741,FALSE,FALSE,FALSE,H,CHI vs. DAL,CHI,1,NA,DAL,CHI,DAL,W,TRUE,39,85,0.459,13,37,0.35135135135135137,0.9,TRUE,26,48,0.5416666666666666,240,27,30,11,37,48,16,11,2,16,24,118,10,https://stats.nba.com/media/img/teams/logos/season/2020-21/CHI_logo.svg
2021,2020-21,NBA,Regular Season,2021-01-03,22000091,7,Phoenix Suns,1610612756,FALSE,FALSE,FALSE,H,PHX vs. LAC,PHX,1,NA,LAC,LAC,PHX,L,FALSE,37,75,0.493,10,33,0.30303030303030304,0.821,TRUE,27,42,0.6428571428571429,240,23,28,7,33,40,23,4,3,14,22,107,-5,https://stats.nba.com/media/img/teams/logos/season/2020-21/PHX_logo.svg
2021,2020-21,NBA,Regular Season,2021-01-03,22000091,7,LA Clippers,1610612746,FALSE,FALSE,FALSE,A,LAC @ PHX,LAC,1,NA,PHX,LAC,PHX,W,TRUE,40,83,0.482,17,29,0.5862068965517241,0.789,TRUE,23,54,0.42592592592592593,240,15,19,8,29,37,24,5,2,10,22,112,5,https://stats.nba.com/media/img/teams/logos/season/2020-21/LAC_logo.svg
2021,2020-21,NBA,Regular Season,2021-01-03,22000089,6,Utah Jazz,1610612762,FALSE,FALSE,FALSE,A,UTA @ SAS,UTA,1,NA,SAS,UTA,SAS,W,TRUE,49,89,0.551,21,41,0.5121951219512195,0.579,TRUE,28,48,0.5833333333333334,240,11,19,9,48,57,29,4,11,20,18,130,21,https://stats.nba.com/media/img/teams/logos/season/2020-21/UTA_logo.svg
2021,2020-21,NBA,Regular Season,2021-01-03,22000089,6,San Antonio Spurs,1610612759,FALSE,FALSE,FALSE,H,SAS vs. UTA,SAS,1,NA,UTA,UTA,SAS,L,FALSE,44,105,0.419,6,19,0.3157894736842105,0.714,TRUE,38,86,0.4418604651162791,240,15,21,14,31,45,23,13,4,7,16,109,-21,https://stats.nba.com/media/img/teams/logos/season/2020-21/SAS_logo.svg
2021,2020-21,NBA,Regular Season,2021-01-03,22000088,6,Minnesota Timberwolves,1610612750,FALSE,FALSE,FALSE,H,MIN vs. DEN,MIN,1,NA,DEN,DEN,MIN,L,FALSE,44,85,0.518,10,31,0.3225806451612903,0.688,TRUE,34,54,0.6296296296296297,240,11,16,9,27,36,30,11,6,14,17,109,-15,https://stats.nba.com/media/img/teams/logos/season/2020-21/MIN_logo.svg
2021,2020-21,NBA,Regular Season,2021-01-03,22000088,6,Denver Nuggets,1610612743,FALSE,FALSE,FALSE,A,DEN @ MIN,DEN,1,NA,MIN,DEN,MIN,W,TRUE,45,92,0.489,19,45,0.4222222222222222,0.714,TRUE,26,47,0.5531914893617021,240,15,21,13,30,43,34,6,4,15,11,124,15,https://stats.nba.com/media/img/teams/logos/season/2020-21/DEN_logo.svg
2021,2020-21,NBA,Regular Season,2021-01-03,22000086,7,Washington Wizards,1610612764,FALSE,FALSE,FALSE,A,WAS @ BKN,WAS,1,NA,BKN,WAS,BKN,W,TRUE,43,104,0.413,12,33,0.36363636363636365,0.735,TRUE,31,71,0.43661971830985913,240,25,34,13,36,49,27,9,3,7,22,123,1,https://stats.nba.com/media/img/teams/logos/season/2020-21/WAS_logo.svg
2021,2020-21,NBA,Regular Season,2021-01-03,22000086,7,Brooklyn Nets,1610612751,FALSE,FALSE,FALSE,H,BKN vs. WAS,BKN,1,NA,WAS,WAS,BKN,L,FALSE,40,81,0.494,14,32,0.4375,0.903,TRUE,26,49,0.5306122448979592,240,28,31,7,44,51,25,5,9,20,24,122,-1,https://stats.nba.com/media/img/teams/logos/season/2020-21/BKN_logo.svg
2021,2020-21,NBA,Regular Season,2021-01-03,22000087,6,Memphis Grizzlies,1610612763,FALSE,FALSE,FALSE,H,MEM vs. LAL,MEM,1,NA,LAL,LAL,MEM,L,FALSE,39,95,0.411,9,33,0.2727272727272727,0.875,TRUE,30,62,0.4838709677419355,240,7,8,14,36,50,23,6,3,13,18,94,-14,https://stats.nba.com/media/img/teams/logos/season/2020-21/MEM_logo.svg
2021,2020-21,NBA,Regular Season,2021-01-03,22000087,7,Los Angeles Lakers,1610612747,FALSE,FALSE,FALSE,A,LAL @ MEM,LAL,1,NA,MEM,LAL,MEM,W,TRUE,41,89,0.461,12,35,0.34285714285714286,0.737,TRUE,29,54,0.5370370370370371,240,14,19,12,37,49,24,9,5,10,15,108,14,https://stats.nba.com/media/img/teams/logos/season/2020-21/LAL_logo.svg
