player_id,full_name,recent_team,season,week,pass_comp,pass_att,pass_yds,pass_td,pass_int,rush_att,rush_yds,rec,rec_yds,position,headshot_url
00-0019596,Tom Brady,TB,2021,1,32,50,379,4,2,0,0,0,0,QB,https://a.espncdn.com/combiner/i?img=/i/headshots/nfl/players/full/2330.png
00-0019596,Tom Brady,TB,2021,2,24,36,276,5,0,1,6,0,0,QB,https://a.espncdn.com/combiner/i?img=/i/headshots/nfl/players/full/2330.png
00-0022924,Ben Roethlisberger,PIT,2021,1,18,32,188,1,0,1,8,0,0,QB,https://a.espncdn.com/combiner/i?img=/i/headshots/nfl/players/full/5536.png
00-0022924,Ben Roethlisberger,PIT,2021,2,27,40,295,1,1,0,0,0,0,QB,https://a.espncdn.com/combiner/i?img=/i/headshots/nfl/players/full/5536.png
00-0023459,Aaron Rodgers,GB,2021,1,15,28,133,0,2,0,0,0,0,QB,https://a.espncdn.com/combiner/i?img=/i/headshots/nfl/players/full/8439.png
00-0023459,Aaron Rodgers,GB,2021,2,22,27,255,4,0,3,7,0,0,QB,https://a.espncdn.com/combiner/i?img=/i/headshots/nfl/players/full/8439.png
00-0023682,Ryan Fitzpatrick,WAS,2021,1,3,6,13,0,0,1,2,0,0,QB,https://a.espncdn.com/combiner/i?img=/i/headshots/nfl/players/full/8664.png
00-0024243,Marcedes Lewis,GB,2021,1,0,0,0,0,0,0,0,1,19,TE,https://a.espncdn.com/combiner/i?img=/i/headshots/nfl/players/full/9614.png
00-0026035,Danny Amendola,HOU,2021,1,0,0,0,0,0,0,0,5,34,WR,https://a.espncdn.com/combiner/i?img=/i/headshots/nfl/players/full/11674.png
00-0026035,Danny Amendola,HOU,2021,2,0,0,0,0,0,0,0,1,9,WR,https://a.espncdn.com/combiner/i?img=/i/headshots/nfl/players/full/11674.png
00-0026143,Matt Ryan,ATL,2021,1,22,35,164,0,0,2,8,0,0,QB,https://a.espncdn.com/combiner/i?img=/i/headshots/nfl/players/full/11237.png
00-0026143,Matt Ryan,ATL,2021,2,35,46,300,2,3,2,3,0,0,QB,https://a.espncdn.com/combiner/i?img=/i/headshots/nfl/players/full/11237.png
00-0026189,DeSean Jackson,LA,2021,1,0,0,0,0,0,0,0,2,21,WR,https://a.espncdn.com/combiner/i?img=/i/headshots/nfl/players/full/11283.png
00-0026498,Matthew Stafford,LA,2021,1,20,26,321,3,0,1,1,0,0,QB,https://a.espncdn.com/combiner/i?img=/i/headshots/nfl/players/full/12483.png
00-0026498,Matthew Stafford,LA,2021,2,19,30,278,2,1,2,1,0,0,QB,https://a.espncdn.com/combiner/i?img=/i/headshots/nfl/players/full/12483.png
00-0027061,Jared Cook,LAC,2021,1,0,0,0,0,0,0,0,5,56,TE,https://a.espncdn.com/combiner/i?img=/i/headshots/nfl/players/full/12537.png
00-0027061,Jared Cook,LAC,2021,2,0,0,0,0,0,0,0,3,28,TE,https://a.espncdn.com/combiner/i?img=/i/headshots/nfl/players/full/12537.png
00-0027656,Rob Gronkowski,TB,2021,1,0,0,0,0,0,0,0,8,90,TE,https://a.espncdn.com/combiner/i?img=/i/headshots/nfl/players/full/13229.png
00-0027656,Rob Gronkowski,TB,2021,2,0,0,0,0,0,0,0,4,39,TE,https://a.espncdn.com/combiner/i?img=/i/headshots/nfl/players/full/13229.png
00-0027685,Emmanuel Sanders,BUF,2021,1,0,0,0,0,0,0,0,4,52,WR,https://a.espncdn.com/combiner/i?img=/i/headshots/nfl/players/full/13295.png
00-0027685,Emmanuel Sanders,BUF,2021,2,0,0,0,0,0,0,0,2,48,WR,https://a.espncdn.com/combiner/i?img=/i/headshots/nfl/players/full/13295.png
00-0027691,Andre Roberts,HOU,2021,2,0,0,0,0,0,0,0,1,35,WR,https://a.espncdn.com/combiner/i?img=/i/headshots/nfl/players/full/13226.png
00-0027696,Jimmy Graham,CHI,2021,1,0,0,0,0,0,0,0,1,11,TE,https://a.espncdn.com/combiner/i?img=/i/headshots/nfl/players/full/13232.png
00-0027793,Antonio Brown,TB,2021,1,0,0,0,0,0,1,6,5,121,WR,https://a.espncdn.com/combiner/i?img=/i/headshots/nfl/players/full/13934.png
00-0027793,Antonio Brown,TB,2021,2,0,0,0,0,0,0,0,1,17,WR,https://a.espncdn.com/combiner/i?img=/i/headshots/nfl/players/full/13934.png
00-0027942,AJ Green,ARI,2021,1,0,0,0,0,0,0,0,2,25,WR,https://a.espncdn.com/combiner/i?img=/i/headshots/nfl/players/full/13983.png
00-0027942,AJ Green,ARI,2021,2,0,0,0,0,0,0,0,3,44,WR,https://a.espncdn.com/combiner/i?img=/i/headshots/nfl/players/full/13983.png
00-0027944,Julio Jones,TEN,2021,1,0,0,0,0,0,0,0,3,29,WR,https://a.espncdn.com/combiner/i?img=/i/headshots/nfl/players/full/13982.png
00-0027944,Julio Jones,TEN,2021,2,0,0,0,0,0,0,0,6,128,WR,https://a.espncdn.com/combiner/i?img=/i/headshots/nfl/players/full/13982.png
00-0027966,Mark Ingram,HOU,2021,1,0,0,0,0,0,26,85,0,0,RB,https://a.espncdn.com/combiner/i?img=/i/headshots/nfl/players/full/13981.png
00-0027966,Mark Ingram,HOU,2021,2,0,0,0,0,0,14,41,1,-1,RB,https://a.espncdn.com/combiner/i?img=/i/headshots/nfl/players/full/13981.png
00-0027973,Andy Dalton,CHI,2021,1,28,38,206,0,1,2,13,0,0,QB,https://a.espncdn.com/combiner/i?img=/i/headshots/nfl/players/full/14012.png
00-0027973,Andy Dalton,CHI,2021,2,9,11,56,1,0,2,25,0,0,QB,https://a.espncdn.com/combiner/i?img=/i/headshots/nfl/players/full/14012.png
00-0027981,Kyle Rudolph,NYG,2021,1,0,0,0,0,0,0,0,2,8,TE,https://a.espncdn.com/combiner/i?img=/i/headshots/nfl/players/full/14054.png
00-0027981,Kyle Rudolph,NYG,2021,2,0,0,0,0,0,0,0,2,25,TE,https://a.espncdn.com/combiner/i?img=/i/headshots/nfl/players/full/14054.png
00-0028002,Randall Cobb,GB,2021,1,0,0,0,0,0,1,1,1,32,WR,https://a.espncdn.com/combiner/i?img=/i/headshots/nfl/players/full/14053.png
00-0028002,Randall Cobb,GB,2021,2,0,0,0,0,0,0,0,3,26,WR,https://a.espncdn.com/combiner/i?img=/i/headshots/nfl/players/full/14053.png
00-0028097,Lee Smith,ATL,2021,2,0,0,0,0,0,0,0,1,9,TE,https://a.espncdn.com/combiner/i?img=/i/headshots/nfl/players/full/14215.png
00-0028118,Tyrod Taylor,HOU,2021,1,21,33,291,2,0,3,41,0,0,QB,https://a.espncdn.com/combiner/i?img=/i/headshots/nfl/players/full/14163.png
00-0028118,Tyrod Taylor,HOU,2021,2,10,11,125,1,0,1,15,0,0,QB,https://a.espncdn.com/combiner/i?img=/i/headshots/nfl/players/full/14163.png
00-0028237,Chris Hogan,NO,2021,1,0,0,0,0,0,0,0,1,10,WR,https://a.espncdn.com/combiner/i?img=/i/headshots/nfl/players/full/14402.png
00-0028237,Chris Hogan,NO,2021,2,0,0,0,0,0,0,0,1,16,WR,https://a.espncdn.com/combiner/i?img=/i/headshots/nfl/players/full/14402.png
00-0028872,Johnny Hekker,LA,2021,2,0,0,0,0,0,1,0,0,0,P,https://a.espncdn.com/combiner/i?img=/i/headshots/nfl/players/full/15153.png
00-0029000,Cole Beasley,BUF,2021,1,0,0,0,0,0,0,0,8,60,WR,https://a.espncdn.com/combiner/i?img=/i/headshots/nfl/players/full/15349.png
00-0029000,Cole Beasley,BUF,2021,2,0,0,0,0,0,0,0,4,36,WR,https://a.espncdn.com/combiner/i?img=/i/headshots/nfl/players/full/15349.png
00-0029119,Derek Carrier,LV,2021,2,0,0,0,0,0,0,0,2,13,TE,https://a.espncdn.com/combiner/i?img=/i/headshots/nfl/players/full/15403.png
00-0029164,Mike Remmers,KC,2021,1,0,0,0,0,0,0,0,1,-2,T,https://a.espncdn.com/combiner/i?img=/i/headshots/nfl/players/full/15422.png
00-0029239,Brandon Bolden,NE,2021,1,0,0,0,0,0,1,5,0,0,RB,https://a.espncdn.com/combiner/i?img=/i/headshots/nfl/players/full/15478.png
00-0029263,Russell Wilson,SEA,2021,1,18,23,254,4,0,4,12,0,0,QB,https://a.espncdn.com/combiner/i?img=/i/headshots/nfl/players/full/14881.png
00-0029263,Russell Wilson,SEA,2021,2,22,31,343,2,0,3,16,0,0,QB,https://a.espncdn.com/combiner/i?img=/i/headshots/nfl/players/full/14881.png
00-0029293,Marvin Jones,JAX,2021,1,0,0,0,0,0,0,0,5,77,WR,https://a.espncdn.com/combiner/i?img=/i/headshots/nfl/players/full/15072.png
00-0029293,Marvin Jones,JAX,2021,2,0,0,0,0,0,0,0,6,55,WR,https://a.espncdn.com/combiner/i?img=/i/headshots/nfl/players/full/15072.png
00-0029604,Kirk Cousins,MIN,2021,1,36,48,351,2,0,0,0,0,0,QB,https://a.espncdn.com/combiner/i?img=/i/headshots/nfl/players/full/14880.png
00-0029604,Kirk Cousins,MIN,2021,2,22,32,244,3,0,2,35,0,0,QB,https://a.espncdn.com/combiner/i?img=/i/headshots/nfl/players/full/14880.png
00-0029632,Mohamed Sanu,SF,2021,1,0,0,0,0,0,0,0,1,7,WR,https://a.espncdn.com/combiner/i?img=/i/headshots/nfl/players/full/14922.png
00-0029632,Mohamed Sanu,SF,2021,2,0,0,0,0,0,0,0,0,0,WR,https://a.espncdn.com/combiner/i?img=/i/headshots/nfl/players/full/14922.png
00-0029701,Ryan Tannehill,TEN,2021,1,21,35,212,1,1,2,17,0,0,QB,https://a.espncdn.com/combiner/i?img=/i/headshots/nfl/players/full/14876.png
00-0029701,Ryan Tannehill,TEN,2021,2,27,40,347,0,0,3,28,0,0,QB,https://a.espncdn.com/combiner/i?img=/i/headshots/nfl/players/full/14876.png
00-0029738,Darren Fells,DET,2021,1,0,0,0,0,0,0,0,1,2,TE,https://a.espncdn.com/combiner/i?img=/i/headshots/nfl/players/full/15773.png
00-0029892,Kyle Juszczyk,SF,2021,1,0,0,0,0,0,0,0,1,7,FB,https://a.espncdn.com/combiner/i?img=/i/headshots/nfl/players/full/16002.png
00-0029892,Kyle Juszczyk,SF,2021,2,0,0,0,0,0,1,2,2,15,FB,https://a.espncdn.com/combiner/i?img=/i/headshots/nfl/players/full/16002.png
00-0030035,Adam Thielen,MIN,2021,1,0,0,0,0,0,0,0,9,92,WR,https://a.espncdn.com/combiner/i?img=/i/headshots/nfl/players/full/16460.png
00-0030035,Adam Thielen,MIN,2021,2,0,0,0,0,0,0,0,6,39,WR,https://a.espncdn.com/combiner/i?img=/i/headshots/nfl/players/full/16460.png
00-0030061,Zach Ertz,PHI,2021,1,0,0,0,0,0,0,0,2,34,TE,https://a.espncdn.com/combiner/i?img=/i/headshots/nfl/players/full/15835.png
00-0030061,Zach Ertz,PHI,2021,2,0,0,0,0,0,0,0,1,6,TE,https://a.espncdn.com/combiner/i?img=/i/headshots/nfl/players/full/15835.png
00-0030068,Marquise Goodwin,CHI,2021,1,0,0,0,0,0,1,-2,4,45,WR,https://a.espncdn.com/combiner/i?img=/i/headshots/nfl/players/full/15839.png
00-0030068,Marquise Goodwin,CHI,2021,2,0,0,0,0,0,0,0,1,10,WR,https://a.espncdn.com/combiner/i?img=/i/headshots/nfl/players/full/15839.png
00-0030108,Ryan Griffin,NYJ,2021,1,0,0,0,0,0,0,0,3,22,TE,https://a.espncdn.com/combiner/i?img=/i/headshots/nfl/players/full/15887.png
00-0030108,Ryan Griffin,NYJ,2021,2,0,0,0,0,0,0,0,2,10,TE,https://a.espncdn.com/combiner/i?img=/i/headshots/nfl/players/full/15887.png
00-0030155,Demetrius Harris,ARI,2021,1,0,0,0,0,0,0,0,0,0,TE,https://a.espncdn.com/combiner/i?img=/i/headshots/nfl/players/full/16318.png
00-0030181,Jack Doyle,IND,2021,1,0,0,0,0,0,0,0,3,21,TE,https://a.espncdn.com/combiner/i?img=/i/headshots/nfl/players/full/16504.png
00-0030181,Jack Doyle,IND,2021,2,0,0,0,0,0,0,0,5,64,TE,https://a.espncdn.com/combiner/i?img=/i/headshots/nfl/players/full/16504.png
00-0030279,Keenan Allen,LAC,2021,1,0,0,0,0,0,0,0,9,100,WR,https://a.espncdn.com/combiner/i?img=/i/headshots/nfl/players/full/15818.png
00-0030279,Keenan Allen,LAC,2021,2,0,0,0,0,0,0,0,4,108,WR,https://a.espncdn.com/combiner/i?img=/i/headshots/nfl/players/full/15818.png
00-0030288,Rex Burkhead,HOU,2021,1,0,0,0,0,0,0,0,1,6,RB,https://a.espncdn.com/combiner/i?img=/i/headshots/nfl/players/full/15971.png
00-0030431,Robert Woods,LA,2021,1,0,0,0,0,0,1,7,3,27,WR,https://a.espncdn.com/combiner/i?img=/i/headshots/nfl/players/full/15880.png
00-0030431,Robert Woods,LA,2021,2,0,0,0,0,0,2,6,5,64,WR,https://a.espncdn.com/combiner/i?img=/i/headshots/nfl/players/full/15880.png
00-0030456,Giovani Bernard,TB,2021,1,0,0,0,0,0,0,0,2,12,RB,https://a.espncdn.com/combiner/i?img=/i/headshots/nfl/players/full/15826.png
00-0030456,Giovani Bernard,TB,2021,2,0,0,0,0,0,0,0,2,16,RB,https://a.espncdn.com/combiner/i?img=/i/headshots/nfl/players/full/15826.png
00-0030506,Travis Kelce,KC,2021,1,0,0,0,0,0,0,0,6,76,TE,https://a.espncdn.com/combiner/i?img=/i/headshots/nfl/players/full/15847.png
00-0030506,Travis Kelce,KC,2021,2,0,0,0,0,0,0,0,7,109,TE,https://a.espncdn.com/combiner/i?img=/i/headshots/nfl/players/full/15847.png
00-0030513,Latavius Murray,BAL,2021,1,0,0,0,0,0,10,28,0,0,RB,https://a.espncdn.com/combiner/i?img=/i/headshots/nfl/players/full/15920.png
00-0030513,Latavius Murray,BAL,2021,2,0,0,0,0,0,9,36,0,0,RB,https://a.espncdn.com/combiner/i?img=/i/headshots/nfl/players/full/15920.png
00-0030564,DeAndre Hopkins,ARI,2021,1,0,0,0,0,0,0,0,6,83,WR,https://a.espncdn.com/combiner/i?img=/i/headshots/nfl/players/full/15795.png
00-0030564,DeAndre Hopkins,ARI,2021,2,0,0,0,0,0,0,0,4,54,WR,https://a.espncdn.com/combiner/i?img=/i/headshots/nfl/players/full/15795.png
00-0030578,Cordarrelle Patterson,ATL,2021,1,0,0,0,0,0,7,54,2,13,RB,https://a.espncdn.com/combiner/i?img=/i/headshots/nfl/players/full/15807.png
00-0030578,Cordarrelle Patterson,ATL,2021,2,0,0,0,0,0,7,11,5,58,RB,https://a.espncdn.com/combiner/i?img=/i/headshots/nfl/players/full/15807.png
00-0030663,Willie Snead,LV,2021,1,0,0,0,0,0,0,0,0,0,WR,https://a.espncdn.com/combiner/i?img=/i/headshots/nfl/players/full/17258.png
00-0030663,Willie Snead,LV,2021,2,0,0,0,0,0,0,0,1,14,WR,https://a.espncdn.com/combiner/i?img=/i/headshots/nfl/players/full/17258.png
00-0030669,Albert Wilson,MIA,2021,1,0,0,0,0,0,0,0,0,0,WR,https://a.espncdn.com/combiner/i?img=/i/headshots/nfl/players/full/17051.png
00-0030669,Albert Wilson,MIA,2021,2,0,0,0,0,0,0,0,4,20,WR,https://a.espncdn.com/combiner/i?img=/i/headshots/nfl/players/full/17051.png
00-0030874,Damien Williams,CHI,2021,1,0,0,0,0,0,6,12,5,28,RB,https://a.espncdn.com/combiner/i?img=/i/headshots/nfl/players/full/17359.png
00-0030874,Damien Williams,CHI,2021,2,0,0,0,0,0,2,6,2,-2,RB,https://a.espncdn.com/combiner/i?img=/i/headshots/nfl/players/full/17359.png
00-0030968,Keith Smith,ATL,2021,1,0,0,0,0,0,2,13,3,18,FB,https://a.espncdn.com/combiner/i?img=/i/headshots/nfl/players/full/17315.png
00-0030968,Keith Smith,ATL,2021,2,0,0,0,0,0,2,3,0,0,FB,https://a.espncdn.com/combiner/i?img=/i/headshots/nfl/players/full/17315.png
00-0031045,Carlos Hyde,JAX,2021,1,0,0,0,0,0,9,44,2,14,RB,https://a.espncdn.com/combiner/i?img=/i/headshots/nfl/players/full/16777.png
00-0031045,Carlos Hyde,JAX,2021,2,0,0,0,0,0,2,7,0,0,RB,https://a.espncdn.com/combiner/i?img=/i/headshots/nfl/players/full/16777.png
00-0031062,James White,NE,2021,1,0,0,0,0,0,4,12,6,49,RB,https://a.espncdn.com/combiner/i?img=/i/headshots/nfl/players/full/16913.png
00-0031062,James White,NE,2021,2,0,0,0,0,0,5,20,6,45,RB,https://a.espncdn.com/combiner/i?img=/i/headshots/nfl/players/full/16913.png
00-0031236,Brandin Cooks,HOU,2021,1,0,0,0,0,0,0,0,5,132,WR,https://a.espncdn.com/combiner/i?img=/i/headshots/nfl/players/full/16731.png
00-0031236,Brandin Cooks,HOU,2021,2,0,0,0,0,0,0,0,9,78,WR,https://a.espncdn.com/combiner/i?img=/i/headshots/nfl/players/full/16731.png
00-0031237,Teddy Bridgewater,DEN,2021,1,28,36,264,2,0,3,19,0,0,QB,https://a.espncdn.com/combiner/i?img=/i/headshots/nfl/players/full/16728.png
00-0031237,Teddy Bridgewater,DEN,2021,2,26,34,328,2,0,2,3,0,0,QB,https://a.espncdn.com/combiner/i?img=/i/headshots/nfl/players/full/16728.png
00-0031260,Logan Thomas,WAS,2021,1,0,0,0,0,0,0,0,3,30,TE,https://a.espncdn.com/combiner/i?img=/i/headshots/nfl/players/full/16813.png
00-0031260,Logan Thomas,WAS,2021,2,0,0,0,0,0,0,0,5,45,TE,https://a.espncdn.com/combiner/i?img=/i/headshots/nfl/players/full/16813.png
00-0031273,Cameron Brate,TB,2021,2,0,0,0,0,0,0,0,1,8,TE,https://a.espncdn.com/combiner/i?img=/i/headshots/nfl/players/full/17453.png
00-0031280,Derek Carr,LV,2021,1,34,54,435,2,1,4,6,0,0,QB,https://a.espncdn.com/combiner/i?img=/i/headshots/nfl/players/full/16757.png
00-0031280,Derek Carr,LV,2021,2,28,37,382,2,0,4,9,0,0,QB,https://a.espncdn.com/combiner/i?img=/i/headshots/nfl/players/full/16757.png
00-0031285,Devonta Freeman,BAL,2021,2,0,0,0,0,0,2,29,0,0,RB,https://a.espncdn.com/combiner/i?img=/i/headshots/nfl/players/full/16944.png
00-0031325,Sammy Watkins,BAL,2021,1,0,0,0,0,0,0,0,4,96,WR,https://a.espncdn.com/combiner/i?img=/i/headshots/nfl/players/full/16725.png
00-0031325,Sammy Watkins,BAL,2021,2,0,0,0,0,0,0,0,4,44,WR,https://a.espncdn.com/combiner/i?img=/i/headshots/nfl/players/full/16725.png
00-0031345,Jimmy Garoppolo,SF,2021,1,17,24,314,1,0,2,3,0,0,QB,https://a.espncdn.com/combiner/i?img=/i/headshots/nfl/players/full/16760.png
00-0031345,Jimmy Garoppolo,SF,2021,2,22,30,189,1,0,8,23,0,0,QB,https://a.espncdn.com/combiner/i?img=/i/headshots/nfl/players/full/16760.png
00-0031376,Jerick McKinnon,KC,2021,2,0,0,0,0,0,0,0,1,14,RB,https://a.espncdn.com/combiner/i?img=/i/headshots/nfl/players/full/16782.png
00-0031381,Davante Adams,GB,2021,1,0,0,0,0,0,0,0,5,56,WR,https://a.espncdn.com/combiner/i?img=/i/headshots/nfl/players/full/16800.png
00-0031381,Davante Adams,GB,2021,2,0,0,0,0,0,0,0,8,121,WR,https://a.espncdn.com/combiner/i?img=/i/headshots/nfl/players/full/16800.png
00-0031382,Jarvis Landry,CLE,2021,1,0,0,0,0,0,2,13,5,71,WR,https://a.espncdn.com/combiner/i?img=/i/headshots/nfl/players/full/16790.png
00-0031382,Jarvis Landry,CLE,2021,2,0,0,0,0,0,0,0,1,9,WR,https://a.espncdn.com/combiner/i?img=/i/headshots/nfl/players/full/16790.png
00-0031387,Eric Ebron,PIT,2021,1,0,0,0,0,0,0,0,1,19,TE,https://a.espncdn.com/combiner/i?img=/i/headshots/nfl/players/full/16732.png
00-0031387,Eric Ebron,PIT,2021,2,0,0,0,0,0,0,0,0,0,TE,https://a.espncdn.com/combiner/i?img=/i/headshots/nfl/players/full/16732.png
00-0031408,Mike Evans,TB,2021,1,0,0,0,0,0,0,0,3,24,WR,https://a.espncdn.com/combiner/i?img=/i/headshots/nfl/players/full/16737.png
00-0031408,Mike Evans,TB,2021,2,0,0,0,0,0,0,0,5,75,WR,https://a.espncdn.com/combiner/i?img=/i/headshots/nfl/players/full/16737.png
00-0031428,Allen Robinson,CHI,2021,1,0,0,0,0,0,0,0,6,35,WR,https://a.espncdn.com/combiner/i?img=/i/headshots/nfl/players/full/16799.png
00-0031428,Allen Robinson,CHI,2021,2,0,0,0,0,0,0,0,2,24,WR,https://a.espncdn.com/combiner/i?img=/i/headshots/nfl/players/full/16799.png
00-0031484,Chris Manhertz,JAX,2021,1,0,0,0,0,0,0,0,1,22,TE,https://a.espncdn.com/combiner/i?img=/i/headshots/nfl/players/full/2531358.png
00-0031484,Chris Manhertz,JAX,2021,2,0,0,0,0,0,0,0,0,0,TE,https://a.espncdn.com/combiner/i?img=/i/headshots/nfl/players/full/2531358.png
00-0031503,Jameis Winston,NO,2021,1,14,20,148,5,0,4,38,0,0,QB,https://a.espncdn.com/combiner/i?img=/i/headshots/nfl/players/full/2969939.png
00-0031503,Jameis Winston,NO,2021,2,11,22,111,0,2,2,20,0,0,QB,https://a.espncdn.com/combiner/i?img=/i/headshots/nfl/players/full/2969939.png
00-0031544,Amari Cooper,DAL,2021,1,0,0,0,0,0,0,0,13,139,WR,https://a.espncdn.com/combiner/i?img=/i/headshots/nfl/players/full/2976499.png
00-0031544,Amari Cooper,DAL,2021,2,0,0,0,0,0,0,0,3,24,WR,https://a.espncdn.com/combiner/i?img=/i/headshots/nfl/players/full/2976499.png
00-0031547,DeVante Parker,MIA,2021,1,0,0,0,0,0,0,0,4,81,WR,https://a.espncdn.com/combiner/i?img=/i/headshots/nfl/players/full/2576623.png
00-0031547,DeVante Parker,MIA,2021,2,0,0,0,0,0,0,0,5,42,WR,https://a.espncdn.com/combiner/i?img=/i/headshots/nfl/players/full/2576623.png
00-0031549,Nelson Agholor,NE,2021,1,0,0,0,0,0,0,0,5,72,WR,https://a.espncdn.com/combiner/i?img=/i/headshots/nfl/players/full/2971618.png
00-0031549,Nelson Agholor,NE,2021,2,0,0,0,0,0,0,0,3,21,WR,https://a.espncdn.com/combiner/i?img=/i/headshots/nfl/players/full/2971618.png
00-0031558,Maxx Williams,ARI,2021,1,0,0,0,0,0,0,0,0,0,TE,https://a.espncdn.com/combiner/i?img=/i/headshots/nfl/players/full/2970726.png
00-0031558,Maxx Williams,ARI,2021,2,0,0,0,0,0,0,0,7,94,TE,https://a.espncdn.com/combiner/i?img=/i/headshots/nfl/players/full/2970726.png
00-0031585,MyCole Pruitt,TEN,2021,2,0,0,0,0,0,0,0,3,43,TE,https://a.espncdn.com/combiner/i?img=/i/headshots/nfl/players/full/2508256.png
00-0031588,Stefon Diggs,BUF,2021,1,0,0,0,0,0,0,0,9,69,WR,https://a.espncdn.com/combiner/i?img=/i/headshots/nfl/players/full/2976212.png
00-0031588,Stefon Diggs,BUF,2021,2,0,0,0,0,0,0,0,4,60,WR,https://a.espncdn.com/combiner/i?img=/i/headshots/nfl/players/full/2976212.png
00-0031595,Michael Burton,KC,2021,1,0,0,0,0,0,1,2,0,0,FB,https://a.espncdn.com/combiner/i?img=/i/headshots/nfl/players/full/2515270.png
00-0031595,Michael Burton,KC,2021,2,0,0,0,0,0,0,0,1,11,FB,https://a.espncdn.com/combiner/i?img=/i/headshots/nfl/players/full/2515270.png
00-0031610,Darren Waller,LV,2021,1,0,0,0,0,0,0,0,10,105,TE,https://a.espncdn.com/combiner/i?img=/i/headshots/nfl/players/full/2576925.png
00-0031610,Darren Waller,LV,2021,2,0,0,0,0,0,0,0,5,65,TE,https://a.espncdn.com/combiner/i?img=/i/headshots/nfl/players/full/2576925.png
00-0031687,Raheem Mostert,SF,2021,1,0,0,0,0,0,2,20,0,0,RB,https://a.espncdn.com/combiner/i?img=/i/headshots/nfl/players/full/2576414.png
00-0031763,DeAndre Carter,WAS,2021,2,0,0,0,0,0,1,2,0,0,WR,https://a.espncdn.com/combiner/i?img=/i/headshots/nfl/players/full/2580216.png
00-0031787,Jake Kumerow,BUF,2021,2,0,0,0,0,0,0,0,0,0,WR,https://a.espncdn.com/combiner/i?img=/i/headshots/nfl/players/full/3085107.png
00-0031800,Taylor Heinicke,WAS,2021,1,11,15,122,1,0,3,17,0,0,QB,https://a.espncdn.com/combiner/i?img=/i/headshots/nfl/players/full/2565969.png
00-0031800,Taylor Heinicke,WAS,2021,2,34,45,336,2,1,4,6,0,0,QB,https://a.espncdn.com/combiner/i?img=/i/headshots/nfl/players/full/2565969.png
00-0031806,Malcolm Brown,MIA,2021,1,0,0,0,0,0,5,16,0,0,RB,https://a.espncdn.com/combiner/i?img=/i/headshots/nfl/players/full/2570986.png
00-0031806,Malcolm Brown,MIA,2021,2,0,0,0,0,0,5,21,0,0,RB,https://a.espncdn.com/combiner/i?img=/i/headshots/nfl/players/full/2570986.png
00-0031868,Damiere Byrd,CHI,2021,1,0,0,0,0,0,0,0,3,19,WR,https://a.espncdn.com/combiner/i?img=/i/headshots/nfl/players/full/2577667.png
00-0031934,Devin Smith,JAX,2021,1,0,0,0,0,0,0,0,0,0,WR,https://a.espncdn.com/combiner/i?img=/i/headshots/nfl/players/full/2576395.png
00-0031951,James O'Shaughnessy,JAX,2021,1,0,0,0,0,0,0,0,6,48,TE,https://a.espncdn.com/combiner/i?img=/i/headshots/nfl/players/full/2508079.png
00-0031951,James O'Shaughnessy,JAX,2021,2,0,0,0,0,0,0,0,1,24,TE,https://a.espncdn.com/combiner/i?img=/i/headshots/nfl/players/full/2508079.png
00-0032009,Adam Humphries,WAS,2021,1,0,0,0,0,0,0,0,2,10,WR,https://a.espncdn.com/combiner/i?img=/i/headshots/nfl/players/full/2576491.png
00-0032009,Adam Humphries,WAS,2021,2,0,0,0,0,0,0,0,7,44,WR,https://a.espncdn.com/combiner/i?img=/i/headshots/nfl/players/full/2576491.png
00-0032058,Tevin Coleman,NYJ,2021,1,0,0,0,0,0,9,24,0,0,RB,https://a.espncdn.com/combiner/i?img=/i/headshots/nfl/players/full/2979477.png
00-0032058,Tevin Coleman,NYJ,2021,2,0,0,0,0,0,5,24,0,0,RB,https://a.espncdn.com/combiner/i?img=/i/headshots/nfl/players/full/2979477.png
00-0032062,Blake Bell,KC,2021,1,0,0,0,0,0,1,2,1,3,TE,https://a.espncdn.com/combiner/i?img=/i/headshots/nfl/players/full/2514206.png
00-0032062,Blake Bell,KC,2021,2,0,0,0,0,0,0,0,1,20,TE,https://a.espncdn.com/combiner/i?img=/i/headshots/nfl/players/full/2514206.png
00-0032063,Mike Davis,ATL,2021,1,0,0,0,0,0,15,49,3,23,RB,https://a.espncdn.com/combiner/i?img=/i/headshots/nfl/players/full/3025433.png
00-0032063,Mike Davis,ATL,2021,2,0,0,0,0,0,9,38,7,25,RB,https://a.espncdn.com/combiner/i?img=/i/headshots/nfl/players/full/3025433.png
00-0032104,Ameer Abdullah,MIN,2021,1,0,0,0,0,0,1,4,2,15,RB,https://a.espncdn.com/combiner/i?img=/i/headshots/nfl/players/full/2576336.png
00-0032104,Ameer Abdullah,MIN,2021,2,0,0,0,0,0,0,0,0,0,RB,https://a.espncdn.com/combiner/i?img=/i/headshots/nfl/players/full/2576336.png
00-0032128,Chris Conley,HOU,2021,1,0,0,0,0,0,0,0,2,27,WR,https://a.espncdn.com/combiner/i?img=/i/headshots/nfl/players/full/2578533.png
00-0032128,Chris Conley,HOU,2021,2,0,0,0,0,0,0,0,1,13,WR,https://a.espncdn.com/combiner/i?img=/i/headshots/nfl/players/full/2578533.png
00-0032134,CJ Uzomah,CIN,2021,1,0,0,0,0,0,0,0,2,35,TE,https://a.espncdn.com/combiner/i?img=/i/headshots/nfl/players/full/2574576.png
00-0032134,CJ Uzomah,CIN,2021,2,0,0,0,0,0,0,0,2,4,TE,https://a.espncdn.com/combiner/i?img=/i/headshots/nfl/players/full/2574576.png
00-0032141,Geoff Swaim,TEN,2021,1,0,0,0,0,0,0,0,0,0,TE,https://a.espncdn.com/combiner/i?img=/i/headshots/nfl/players/full/3046704.png
00-0032141,Geoff Swaim,TEN,2021,2,0,0,0,0,0,0,0,2,10,TE,https://a.espncdn.com/combiner/i?img=/i/headshots/nfl/players/full/3046704.png
00-0032144,Melvin Gordon,DEN,2021,1,0,0,0,0,0,11,101,3,17,RB,https://a.espncdn.com/combiner/i?img=/i/headshots/nfl/players/full/2576434.png
00-0032144,Melvin Gordon,DEN,2021,2,0,0,0,0,0,13,31,2,38,RB,https://a.espncdn.com/combiner/i?img=/i/headshots/nfl/players/full/2576434.png
00-0032160,Tyrell Williams,DET,2021,1,0,0,0,0,0,0,0,2,14,WR,https://a.espncdn.com/combiner/i?img=/i/headshots/nfl/players/full/2587819.png
00-0032187,David Johnson,HOU,2021,1,0,0,0,0,0,3,10,3,18,RB,https://a.espncdn.com/combiner/i?img=/i/headshots/nfl/players/full/2508176.png
00-0032187,David Johnson,HOU,2021,2,0,0,0,0,0,6,25,2,22,RB,https://a.espncdn.com/combiner/i?img=/i/headshots/nfl/players/full/2508176.png
00-0032200,Ty Montgomery,NO,2021,1,0,0,0,0,0,0,0,1,5,WR,https://a.espncdn.com/combiner/i?img=/i/headshots/nfl/players/full/2577134.png
00-0032200,Ty Montgomery,NO,2021,2,0,0,0,0,0,0,0,1,3,WR,https://a.espncdn.com/combiner/i?img=/i/headshots/nfl/players/full/2577134.png
00-0032211,Tyler Lockett,SEA,2021,1,0,0,0,0,0,0,0,4,100,WR,https://a.espncdn.com/combiner/i?img=/i/headshots/nfl/players/full/2577327.png
00-0032211,Tyler Lockett,SEA,2021,2,0,0,0,0,0,0,0,8,178,WR,https://a.espncdn.com/combiner/i?img=/i/headshots/nfl/players/full/2577327.png
00-0032214,Tyler Kroft,NYJ,2021,1,0,0,0,0,0,0,0,3,26,TE,https://a.espncdn.com/combiner/i?img=/i/headshots/nfl/players/full/2582410.png
00-0032214,Tyler Kroft,NYJ,2021,2,0,0,0,0,0,0,0,1,8,TE,https://a.espncdn.com/combiner/i?img=/i/headshots/nfl/players/full/2582410.png
00-0032268,Marcus Mariota,LV,2021,1,0,0,0,0,0,1,31,0,0,QB,https://a.espncdn.com/combiner/i?img=/i/headshots/nfl/players/full/2576980.png
00-0032355,Chester Rogers,TEN,2021,1,0,0,0,0,0,0,0,4,62,WR,https://a.espncdn.com/combiner/i?img=/i/headshots/nfl/players/full/2983209.png
00-0032355,Chester Rogers,TEN,2021,2,0,0,0,0,0,0,0,2,22,WR,https://a.espncdn.com/combiner/i?img=/i/headshots/nfl/players/full/2983209.png
00-0032385,Sterling Shepard,NYG,2021,1,0,0,0,0,0,0,0,7,113,WR,https://a.espncdn.com/combiner/i?img=/i/headshots/nfl/players/full/2976592.png
00-0032385,Sterling Shepard,NYG,2021,2,0,0,0,0,0,1,-9,9,94,WR,https://a.espncdn.com/combiner/i?img=/i/headshots/nfl/players/full/2976592.png
00-0032392,Austin Hooper,CLE,2021,1,0,0,0,0,0,0,0,3,27,TE,https://a.espncdn.com/combiner/i?img=/i/headshots/nfl/players/full/3043275.png
00-0032392,Austin Hooper,CLE,2021,2,0,0,0,0,0,0,0,5,40,TE,https://a.espncdn.com/combiner/i?img=/i/headshots/nfl/players/full/3043275.png
00-0032426,Alex Collins,SEA,2021,2,0,0,0,0,0,1,25,0,0,RB,https://a.espncdn.com/combiner/i?img=/i/headshots/nfl/players/full/3046409.png
00-0032464,Kalif Raymond,DET,2021,1,0,0,0,0,0,1,9,3,50,WR,https://a.espncdn.com/combiner/i?img=/i/headshots/nfl/players/full/2973405.png
00-0032464,Kalif Raymond,DET,2021,2,0,0,0,0,0,0,0,2,18,WR,https://a.espncdn.com/combiner/i?img=/i/headshots/nfl/players/full/2973405.png
00-0032496,Matthias Farley,TEN,2021,1,1,1,6,0,0,0,0,0,0,DB,https://a.espncdn.com/combiner/i?img=/i/headshots/nfl/players/full/2579840.png
00-0032602,JD McKissic,WAS,2021,1,0,0,0,0,0,1,8,0,0,RB,https://a.espncdn.com/combiner/i?img=/i/headshots/nfl/players/full/2572861.png
00-0032602,JD McKissic,WAS,2021,2,0,0,0,0,0,4,10,5,83,RB,https://a.espncdn.com/combiner/i?img=/i/headshots/nfl/players/full/2572861.png
00-0032688,Robby Anderson,CAR,2021,1,0,0,0,0,0,0,0,1,57,WR,https://a.espncdn.com/combiner/i?img=/i/headshots/nfl/players/full/2574808.png
00-0032688,Robby Anderson,CAR,2021,2,0,0,0,0,0,0,0,3,38,WR,https://a.espncdn.com/combiner/i?img=/i/headshots/nfl/players/full/2574808.png
00-0032725,Stephen Anderson,LAC,2021,1,0,0,0,0,0,0,0,1,1,TE,https://a.espncdn.com/combiner/i?img=/i/headshots/nfl/players/full/2576854.png
00-0032725,Stephen Anderson,LAC,2021,2,0,0,0,0,0,0,0,2,9,TE,https://a.espncdn.com/combiner/i?img=/i/headshots/nfl/players/full/2576854.png
00-0032741,Peyton Barber,LV,2021,2,0,0,0,0,0,13,32,0,0,RB,https://a.espncdn.com/combiner/i?img=/i/headshots/nfl/players/full/3051902.png
00-0032764,Derrick Henry,TEN,2021,1,0,0,0,0,0,17,58,3,19,RB,https://a.espncdn.com/combiner/i?img=/i/headshots/nfl/players/full/3043078.png
00-0032764,Derrick Henry,TEN,2021,2,0,0,0,0,0,35,182,6,55,RB,https://a.espncdn.com/combiner/i?img=/i/headshots/nfl/players/full/3043078.png
00-0032775,Demarcus Robinson,KC,2021,1,0,0,0,0,0,0,0,1,9,WR,https://a.espncdn.com/combiner/i?img=/i/headshots/nfl/players/full/3043116.png
00-0032775,Demarcus Robinson,KC,2021,2,0,0,0,0,0,0,0,3,46,WR,https://a.espncdn.com/combiner/i?img=/i/headshots/nfl/players/full/3043116.png
00-0032778,Tajae Sharpe,ATL,2021,2,0,0,0,0,0,0,0,1,8,WR,https://a.espncdn.com/combiner/i?img=/i/headshots/nfl/players/full/2982828.png
00-0032791,Jakeem Grant,MIA,2021,2,0,0,0,0,0,0,0,1,0,WR,https://a.espncdn.com/combiner/i?img=/i/headshots/nfl/players/full/2577641.png
00-0032813,Elijhaa Penny,NYG,2021,1,0,0,0,0,0,0,0,0,0,RB,https://a.espncdn.com/combiner/i?img=/i/headshots/nfl/players/full/2575965.png
00-0032813,Elijhaa Penny,NYG,2021,2,0,0,0,0,0,2,5,0,0,RB,https://a.espncdn.com/combiner/i?img=/i/headshots/nfl/players/full/2575965.png
00-0032918,CJ Ham,MIN,2021,1,0,0,0,0,0,0,0,2,9,FB,https://a.espncdn.com/combiner/i?img=/i/headshots/nfl/players/full/4012556.png
00-0032950,Carson Wentz,IND,2021,1,25,38,251,2,0,4,23,0,0,QB,https://a.espncdn.com/combiner/i?img=/i/headshots/nfl/players/full/2573079.png
00-0032950,Carson Wentz,IND,2021,2,20,31,247,1,1,5,37,0,0,QB,https://a.espncdn.com/combiner/i?img=/i/headshots/nfl/players/full/2573079.png
00-0032951,Laquon Treadwell,JAX,2021,2,0,0,0,0,0,0,0,0,0,WR,https://a.espncdn.com/combiner/i?img=/i/headshots/nfl/players/full/3051889.png
00-0032956,Andy Janovich,CLE,2021,1,0,0,0,0,0,0,0,0,0,FB,https://a.espncdn.com/combiner/i?img=/i/headshots/nfl/players/full/2974317.png
00-0032956,Andy Janovich,CLE,2021,2,0,0,0,0,0,2,0,0,0,FB,https://a.espncdn.com/combiner/i?img=/i/headshots/nfl/players/full/2974317.png
00-0032972,Devontae Booker,NYG,2021,1,0,0,0,0,0,4,7,1,6,RB,https://a.espncdn.com/combiner/i?img=/i/headshots/nfl/players/full/3122866.png
00-0032972,Devontae Booker,NYG,2021,2,0,0,0,0,0,2,9,1,2,RB,https://a.espncdn.com/combiner/i?img=/i/headshots/nfl/players/full/3122866.png
00-0032977,Rashard Higgins,CLE,2021,2,0,0,0,0,0,0,0,2,27,WR,https://a.espncdn.com/combiner/i?img=/i/headshots/nfl/players/full/3042910.png
00-0033009,Tyler Boyd,CIN,2021,1,0,0,0,0,0,0,0,3,32,WR,https://a.espncdn.com/combiner/i?img=/i/headshots/nfl/players/full/3045144.png
00-0033009,Tyler Boyd,CIN,2021,2,0,0,0,0,0,0,0,7,73,WR,https://a.espncdn.com/combiner/i?img=/i/headshots/nfl/players/full/3045144.png
00-0033040,Tyreek Hill,KC,2021,1,0,0,0,0,0,1,4,11,197,WR,https://a.espncdn.com/combiner/i?img=/i/headshots/nfl/players/full/3116406.png
00-0033040,Tyreek Hill,KC,2021,2,0,0,0,0,0,1,15,3,14,WR,https://a.espncdn.com/combiner/i?img=/i/headshots/nfl/players/full/3116406.png
00-0033045,Ezekiel Elliott,DAL,2021,1,0,0,0,0,0,11,33,2,6,RB,https://a.espncdn.com/combiner/i?img=/i/headshots/nfl/players/full/3051392.png
00-0033045,Ezekiel Elliott,DAL,2021,2,0,0,0,0,0,16,71,2,26,RB,https://a.espncdn.com/combiner/i?img=/i/headshots/nfl/players/full/3051392.png
00-0033077,Dak Prescott,DAL,2021,1,42,58,403,3,1,4,13,0,0,QB,https://a.espncdn.com/combiner/i?img=/i/headshots/nfl/players/full/2577417.png
00-0033077,Dak Prescott,DAL,2021,2,23,27,237,0,1,0,0,0,0,QB,https://a.espncdn.com/combiner/i?img=/i/headshots/nfl/players/full/2577417.png
00-0033090,Hunter Henry,NE,2021,1,0,0,0,0,0,0,0,3,31,TE,https://a.espncdn.com/combiner/i?img=/i/headshots/nfl/players/full/3046439.png
00-0033090,Hunter Henry,NE,2021,2,0,0,0,0,0,0,0,2,42,TE,https://a.espncdn.com/combiner/i?img=/i/headshots/nfl/players/full/3046439.png
00-0033106,Jared Goff,DET,2021,1,38,57,338,3,1,3,14,0,0,QB,https://a.espncdn.com/combiner/i?img=/i/headshots/nfl/players/full/3046779.png
00-0033106,Jared Goff,DET,2021,2,26,36,246,2,1,4,46,0,0,QB,https://a.espncdn.com/combiner/i?img=/i/headshots/nfl/players/full/3046779.png
00-0033110,Tyler Higbee,LA,2021,1,0,0,0,0,0,0,0,5,68,TE,https://a.espncdn.com/combiner/i?img=/i/headshots/nfl/players/full/2573401.png
00-0033110,Tyler Higbee,LA,2021,2,0,0,0,0,0,0,0,1,8,TE,https://a.espncdn.com/combiner/i?img=/i/headshots/nfl/players/full/2573401.png
00-0033114,Mike Thomas,CIN,2021,1,0,0,0,0,0,0,0,1,5,WR,https://a.espncdn.com/combiner/i?img=/i/headshots/nfl/players/full/3123986.png
00-0033118,Kenyan Drake,LV,2021,1,0,0,0,0,0,6,11,5,59,RB,https://a.espncdn.com/combiner/i?img=/i/headshots/nfl/players/full/2979843.png
00-0033118,Kenyan Drake,LV,2021,2,0,0,0,0,0,7,9,5,46,RB,https://a.espncdn.com/combiner/i?img=/i/headshots/nfl/players/full/2979843.png
00-0033119,Jacoby Brissett,MIA,2021,1,0,0,0,0,0,2,4,0,0,QB,https://a.espncdn.com/combiner/i?img=/i/headshots/nfl/players/full/2578570.png
00-0033119,Jacoby Brissett,MIA,2021,2,24,40,169,0,1,3,9,0,0,QB,https://a.espncdn.com/combiner/i?img=/i/headshots/nfl/players/full/2578570.png
00-0033217,Mo Alie-Cox,IND,2021,1,0,0,0,0,0,0,0,0,0,TE,https://a.espncdn.com/combiner/i?img=/i/headshots/nfl/players/full/2998565.png
00-0033217,Mo Alie-Cox,IND,2021,2,0,0,0,0,0,0,0,1,18,TE,https://a.espncdn.com/combiner/i?img=/i/headshots/nfl/players/full/2998565.png
00-0033251,Zach Pascal,IND,2021,1,0,0,0,0,0,0,0,4,43,WR,https://a.espncdn.com/combiner/i?img=/i/headshots/nfl/players/full/2978109.png
00-0033251,Zach Pascal,IND,2021,2,0,0,0,0,0,0,0,5,38,WR,https://a.espncdn.com/combiner/i?img=/i/headshots/nfl/players/full/2978109.png
00-0033280,Christian McCaffrey,CAR,2021,1,0,0,0,0,0,21,98,9,89,RB,https://a.espncdn.com/combiner/i?img=/i/headshots/nfl/players/full/3117251.png
00-0033280,Christian McCaffrey,CAR,2021,2,0,0,0,0,0,24,72,5,65,RB,https://a.espncdn.com/combiner/i?img=/i/headshots/nfl/players/full/3117251.png
00-0033288,George Kittle,SF,2021,1,0,0,0,0,0,0,0,4,78,TE,https://a.espncdn.com/combiner/i?img=/i/headshots/nfl/players/full/3040151.png
00-0033288,George Kittle,SF,2021,2,0,0,0,0,0,0,0,4,17,TE,https://a.espncdn.com/combiner/i?img=/i/headshots/nfl/players/full/3040151.png
00-0033293,Aaron Jones,GB,2021,1,0,0,0,0,0,5,9,2,13,RB,https://a.espncdn.com/combiner/i?img=/i/headshots/nfl/players/full/3042519.png
00-0033293,Aaron Jones,GB,2021,2,0,0,0,0,0,17,67,6,48,RB,https://a.espncdn.com/combiner/i?img=/i/headshots/nfl/players/full/3042519.png
00-0033307,Kendrick Bourne,NE,2021,1,0,0,0,0,0,0,0,1,17,WR,https://a.espncdn.com/combiner/i?img=/i/headshots/nfl/players/full/3045523.png
00-0033307,Kendrick Bourne,NE,2021,2,0,0,0,0,0,1,16,2,10,WR,https://a.espncdn.com/combiner/i?img=/i/headshots/nfl/players/full/3045523.png
00-0033308,Matt Breida,BUF,2021,1,0,0,0,0,0,4,4,0,0,RB,https://a.espncdn.com/combiner/i?img=/i/headshots/nfl/players/full/3049916.png
00-0033338,Cethan Carter,MIA,2021,2,0,0,0,0,0,0,0,1,8,TE,https://a.espncdn.com/combiner/i?img=/i/headshots/nfl/players/full/3040470.png
00-0033357,Taysom Hill,NO,2021,1,1,1,3,0,0,2,1,0,0,QB,https://a.espncdn.com/combiner/i?img=/i/headshots/nfl/players/full/2468609.png
00-0033357,Taysom Hill,NO,2021,2,0,0,0,0,0,2,16,0,0,QB,https://a.espncdn.com/combiner/i?img=/i/headshots/nfl/players/full/2468609.png
00-0033367,CJ Board,NYG,2021,1,0,0,0,0,0,0,0,1,6,WR,https://a.espncdn.com/combiner/i?img=/i/headshots/nfl/players/full/2973626.png
00-0033367,CJ Board,NYG,2021,2,0,0,0,0,0,1,6,0,0,WR,https://a.espncdn.com/combiner/i?img=/i/headshots/nfl/players/full/2973626.png
00-0033375,Tim Patrick,DEN,2021,1,0,0,0,0,0,0,0,4,39,WR,https://a.espncdn.com/combiner/i?img=/i/headshots/nfl/players/full/3134353.png
00-0033375,Tim Patrick,DEN,2021,2,0,0,0,0,0,0,0,3,37,WR,https://a.espncdn.com/combiner/i?img=/i/headshots/nfl/players/full/3134353.png
00-0033376,Patrick Ricard,BAL,2021,1,0,0,0,0,0,0,0,2,15,FB,https://a.espncdn.com/combiner/i?img=/i/headshots/nfl/players/full/2975417.png
00-0033376,Patrick Ricard,BAL,2021,2,0,0,0,0,0,1,2,0,0,FB,https://a.espncdn.com/combiner/i?img=/i/headshots/nfl/players/full/2975417.png
00-0033439,Pharaoh Brown,HOU,2021,1,0,0,0,0,0,0,0,4,67,TE,https://a.espncdn.com/combiner/i?img=/i/headshots/nfl/players/full/2971281.png
00-0033439,Pharaoh Brown,HOU,2021,2,0,0,0,0,0,0,0,0,0,TE,https://a.espncdn.com/combiner/i?img=/i/headshots/nfl/players/full/2971281.png
00-0033455,Anthony Firkser,TEN,2021,1,0,0,0,0,0,0,0,3,19,TE,https://a.espncdn.com/combiner/i?img=/i/headshots/nfl/players/full/3049698.png
00-0033466,Isaiah McKenzie,BUF,2021,1,0,0,0,0,0,1,-3,0,0,WR,https://a.espncdn.com/combiner/i?img=/i/headshots/nfl/players/full/3128724.png
00-0033466,Isaiah McKenzie,BUF,2021,2,0,0,0,0,0,0,0,1,1,WR,https://a.espncdn.com/combiner/i?img=/i/headshots/nfl/players/full/3128724.png
00-0033526,Samaje Perine,CIN,2021,1,0,0,0,0,0,5,22,1,7,RB,https://a.espncdn.com/combiner/i?img=/i/headshots/nfl/players/full/3116389.png
00-0033526,Samaje Perine,CIN,2021,2,0,0,0,0,0,0,0,0,0,RB,https://a.espncdn.com/combiner/i?img=/i/headshots/nfl/players/full/3116389.png
00-0033536,Mike Williams,LAC,2021,1,0,0,0,0,0,0,0,8,82,WR,https://a.espncdn.com/combiner/i?img=/i/headshots/nfl/players/full/3045138.png
00-0033536,Mike Williams,LAC,2021,2,0,0,0,0,0,0,0,7,91,WR,https://a.espncdn.com/combiner/i?img=/i/headshots/nfl/players/full/3045138.png
00-0033553,James Conner,ARI,2021,1,0,0,0,0,0,16,53,0,0,RB,https://a.espncdn.com/combiner/i?img=/i/headshots/nfl/players/full/3045147.png
00-0033553,James Conner,ARI,2021,2,0,0,0,0,0,8,26,0,0,RB,https://a.espncdn.com/combiner/i?img=/i/headshots/nfl/players/full/3045147.png
00-0033576,Eric Saubert,DEN,2021,1,0,0,0,0,0,0,0,1,7,TE,https://a.espncdn.com/combiner/i?img=/i/headshots/nfl/players/full/2975863.png
00-0033576,Eric Saubert,DEN,2021,2,0,0,0,0,0,0,0,1,7,TE,https://a.espncdn.com/combiner/i?img=/i/headshots/nfl/players/full/2975863.png
00-0033594,Chris Carson,SEA,2021,1,0,0,0,0,0,16,91,3,26,RB,https://a.espncdn.com/combiner/i?img=/i/headshots/nfl/players/full/3919596.png
00-0033594,Chris Carson,SEA,2021,2,0,0,0,0,0,13,31,0,0,RB,https://a.espncdn.com/combiner/i?img=/i/headshots/nfl/players/full/3919596.png
00-0033611,Ricky Seals-Jones,WAS,2021,2,0,0,0,0,0,0,0,1,19,TE,https://a.espncdn.com/combiner/i?img=/i/headshots/nfl/players/full/3051806.png
00-0033658,Blake Jarwin,DAL,2021,1,0,0,0,0,0,0,0,3,20,TE,https://a.espncdn.com/combiner/i?img=/i/headshots/nfl/players/full/2991767.png
00-0033658,Blake Jarwin,DAL,2021,2,0,0,0,0,0,0,0,3,37,TE,https://a.espncdn.com/combiner/i?img=/i/headshots/nfl/players/full/2991767.png
00-0033699,Austin Ekeler,LAC,2021,1,0,0,0,0,0,15,57,0,0,RB,https://a.espncdn.com/combiner/i?img=/i/headshots/nfl/players/full/3068267.png
00-0033699,Austin Ekeler,LAC,2021,2,0,0,0,0,0,9,54,9,61,RB,https://a.espncdn.com/combiner/i?img=/i/headshots/nfl/players/full/3068267.png
00-0033733,Greg Ward,PHI,2021,2,0,1,0,0,0,0,0,0,0,WR,https://a.espncdn.com/combiner/i?img=/i/headshots/nfl/players/full/3040035.png
00-0033757,Robert Tonyan,GB,2021,1,0,0,0,0,0,0,0,2,8,TE,https://a.espncdn.com/combiner/i?img=/i/headshots/nfl/players/full/2975674.png
00-0033757,Robert Tonyan,GB,2021,2,0,0,0,0,0,0,0,3,52,TE,https://a.espncdn.com/combiner/i?img=/i/headshots/nfl/players/full/2975674.png
00-0033839,Dede Westbrook,MIN,2021,1,0,0,0,0,0,0,0,1,11,WR,https://a.espncdn.com/combiner/i?img=/i/headshots/nfl/players/full/3892889.png
00-0033856,Leonard Fournette,TB,2021,1,0,0,0,0,0,9,32,5,27,RB,https://a.espncdn.com/combiner/i?img=/i/headshots/nfl/players/full/3115364.png
00-0033856,Leonard Fournette,TB,2021,2,0,0,0,0,0,11,52,4,24,RB,https://a.espncdn.com/combiner/i?img=/i/headshots/nfl/players/full/3115364.png
00-0033857,JuJu Smith-Schuster,PIT,2021,1,0,0,0,0,0,0,0,4,52,WR,https://a.espncdn.com/combiner/i?img=/i/headshots/nfl/players/full/3120348.png
00-0033857,JuJu Smith-Schuster,PIT,2021,2,0,0,0,0,0,1,3,6,41,WR,https://a.espncdn.com/combiner/i?img=/i/headshots/nfl/players/full/3120348.png
00-0033858,Jonnu Smith,NE,2021,1,0,0,0,0,0,1,6,5,42,TE,https://a.espncdn.com/combiner/i?img=/i/headshots/nfl/players/full/3054212.png
00-0033858,Jonnu Smith,NE,2021,2,0,0,0,0,0,0,0,4,28,TE,https://a.espncdn.com/combiner/i?img=/i/headshots/nfl/players/full/3054212.png
00-0033871,Corey Davis,NYJ,2021,1,0,0,0,0,0,0,0,5,97,WR,https://a.espncdn.com/combiner/i?img=/i/headshots/nfl/players/full/3042778.png
00-0033871,Corey Davis,NYJ,2021,2,0,0,0,0,0,0,0,2,8,WR,https://a.espncdn.com/combiner/i?img=/i/headshots/nfl/players/full/3042778.png
00-0033873,Patrick Mahomes,KC,2021,1,27,36,337,3,0,3,20,0,0,QB,https://a.espncdn.com/combiner/i?img=/i/headshots/nfl/players/full/3139477.png
00-0033873,Patrick Mahomes,KC,2021,2,24,31,343,3,1,1,3,0,0,QB,https://a.espncdn.com/combiner/i?img=/i/headshots/nfl/players/full/3139477.png
00-0033879,OJ Howard,TB,2021,2,0,0,0,0,0,0,0,1,21,TE,https://a.espncdn.com/combiner/i?img=/i/headshots/nfl/players/full/3043080.png
00-0033885,David Njoku,CLE,2021,1,0,0,0,0,0,0,0,3,76,TE,https://a.espncdn.com/combiner/i?img=/i/headshots/nfl/players/full/3123076.png
00-0033885,David Njoku,CLE,2021,2,0,0,0,0,0,0,0,2,18,TE,https://a.espncdn.com/combiner/i?img=/i/headshots/nfl/players/full/3123076.png
00-0033891,Zay Jones,LV,2021,1,0,0,0,0,0,0,0,2,46,WR,https://a.espncdn.com/combiner/i?img=/i/headshots/nfl/players/full/3059722.png
00-0033893,Dalvin Cook,MIN,2021,1,0,0,0,0,0,20,61,6,43,RB,https://a.espncdn.com/combiner/i?img=/i/headshots/nfl/players/full/3116593.png
00-0033893,Dalvin Cook,MIN,2021,2,0,0,0,0,0,22,131,2,17,RB,https://a.espncdn.com/combiner/i?img=/i/headshots/nfl/players/full/3116593.png
00-0033895,Gerald Everett,SEA,2021,1,0,0,0,0,0,0,0,2,20,TE,https://a.espncdn.com/combiner/i?img=/i/headshots/nfl/players/full/3918639.png
00-0033895,Gerald Everett,SEA,2021,2,0,0,0,0,0,0,0,1,3,TE,https://a.espncdn.com/combiner/i?img=/i/headshots/nfl/players/full/3918639.png
00-0033897,Joe Mixon,CIN,2021,1,0,0,0,0,0,29,127,4,23,RB,https://a.espncdn.com/combiner/i?img=/i/headshots/nfl/players/full/3116385.png
00-0033897,Joe Mixon,CIN,2021,2,0,0,0,0,0,20,69,1,2,RB,https://a.espncdn.com/combiner/i?img=/i/headshots/nfl/players/full/3116385.png
00-0033906,Alvin Kamara,NO,2021,1,0,0,0,0,0,20,83,3,8,RB,https://a.espncdn.com/combiner/i?img=/i/headshots/nfl/players/full/3054850.png
00-0033906,Alvin Kamara,NO,2021,2,0,0,0,0,0,8,5,4,25,RB,https://a.espncdn.com/combiner/i?img=/i/headshots/nfl/players/full/3054850.png
00-0033908,Cooper Kupp,LA,2021,1,0,0,0,0,0,0,0,7,108,WR,https://a.espncdn.com/combiner/i?img=/i/headshots/nfl/players/full/2977187.png
00-0033908,Cooper Kupp,LA,2021,2,0,0,0,0,0,1,-5,11,182,WR,https://a.espncdn.com/combiner/i?img=/i/headshots/nfl/players/full/2977187.png
00-0033921,Chris Godwin,TB,2021,1,0,0,0,0,0,0,0,9,105,WR,https://a.espncdn.com/combiner/i?img=/i/headshots/nfl/players/full/3116165.png
00-0033921,Chris Godwin,TB,2021,2,0,0,0,0,0,0,0,4,62,WR,https://a.espncdn.com/combiner/i?img=/i/headshots/nfl/players/full/3116165.png
00-0033923,Kareem Hunt,CLE,2021,1,0,0,0,0,0,6,33,3,28,RB,https://a.espncdn.com/combiner/i?img=/i/headshots/nfl/players/full/3059915.png
00-0033923,Kareem Hunt,CLE,2021,2,0,0,0,0,0,13,51,1,2,RB,https://a.espncdn.com/combiner/i?img=/i/headshots/nfl/players/full/3059915.png
00-0033932,Kenny Golladay,NYG,2021,1,0,0,0,0,0,0,0,4,64,WR,https://a.espncdn.com/combiner/i?img=/i/headshots/nfl/players/full/2974858.png
00-0033932,Kenny Golladay,NYG,2021,2,0,0,0,0,0,0,0,3,38,WR,https://a.espncdn.com/combiner/i?img=/i/headshots/nfl/players/full/2974858.png
00-0033948,Jamaal Williams,DET,2021,1,0,0,0,0,0,9,54,8,56,RB,https://a.espncdn.com/combiner/i?img=/i/headshots/nfl/players/full/2980453.png
00-0033948,Jamaal Williams,DET,2021,2,0,0,0,0,0,7,25,3,12,RB,https://a.espncdn.com/combiner/i?img=/i/headshots/nfl/players/full/2980453.png
00-0033951,Marlon Mack,IND,2021,2,0,0,0,0,0,5,16,0,0,RB,https://a.espncdn.com/combiner/i?img=/i/headshots/nfl/players/full/3139605.png
00-0033955,Jeremy McNichols,TEN,2021,1,0,0,0,0,0,2,9,3,24,RB,https://a.espncdn.com/combiner/i?img=/i/headshots/nfl/players/full/3127586.png
00-0033955,Jeremy McNichols,TEN,2021,2,0,0,0,0,0,1,3,3,26,RB,https://a.espncdn.com/combiner/i?img=/i/headshots/nfl/players/full/3127586.png
00-0034011,Dan Arnold,CAR,2021,1,0,0,0,0,0,0,0,2,6,TE,https://a.espncdn.com/combiner/i?img=/i/headshots/nfl/players/full/4212989.png
00-0034011,Dan Arnold,CAR,2021,2,0,0,0,0,0,0,0,3,55,TE,https://a.espncdn.com/combiner/i?img=/i/headshots/nfl/players/full/4212989.png
00-0034052,Brandon Zylstra,CAR,2021,2,0,0,0,0,0,0,0,3,44,WR,https://a.espncdn.com/combiner/i?img=/i/headshots/nfl/players/full/4294520.png
00-0034104,Cam Sims,WAS,2021,1,0,0,0,0,0,0,0,1,17,WR,https://a.espncdn.com/combiner/i?img=/i/headshots/nfl/players/full/3115314.png
00-0034109,Phillip Lindsay,HOU,2021,1,0,0,0,0,0,8,25,0,0,RB,https://a.espncdn.com/combiner/i?img=/i/headshots/nfl/players/full/3052117.png
00-0034109,Phillip Lindsay,HOU,2021,2,0,0,0,0,0,5,2,1,22,RB,https://a.espncdn.com/combiner/i?img=/i/headshots/nfl/players/full/3052117.png
00-0034132,Christian Blake,ATL,2021,2,0,0,0,0,0,0,0,1,8,WR,https://a.espncdn.com/combiner/i?img=/i/headshots/nfl/players/full/3126002.png
00-0034159,Will Dissly,SEA,2021,1,0,0,0,0,0,0,0,3,37,TE,https://a.espncdn.com/combiner/i?img=/i/headshots/nfl/players/full/3127292.png
00-0034164,Trenton Cannon,BAL,2021,1,0,0,0,0,0,2,5,0,0,RB,https://a.espncdn.com/combiner/i?img=/i/headshots/nfl/players/full/4261020.png
00-0034164,Trenton Cannon,SF,2021,2,0,0,0,0,0,1,-1,0,0,RB,https://a.espncdn.com/combiner/i?img=/i/headshots/nfl/players/full/4261020.png
00-0034171,Jason Cabinda,DET,2021,1,0,0,0,0,0,0,0,0,0,FB,https://a.espncdn.com/combiner/i?img=/i/headshots/nfl/players/full/3116158.png
00-0034171,Jason Cabinda,DET,2021,2,0,0,0,0,0,0,0,1,4,FB,https://a.espncdn.com/combiner/i?img=/i/headshots/nfl/players/full/3116158.png
00-0034270,Tyler Conklin,MIN,2021,1,0,0,0,0,0,0,0,4,41,TE,https://a.espncdn.com/combiner/i?img=/i/headshots/nfl/players/full/3122920.png
00-0034270,Tyler Conklin,MIN,2021,2,0,0,0,0,0,0,0,2,15,TE,https://a.espncdn.com/combiner/i?img=/i/headshots/nfl/players/full/3122920.png
00-0034272,Marquez Valdes-Scantling,GB,2021,1,0,0,0,0,0,0,0,3,17,WR,https://a.espncdn.com/combiner/i?img=/i/headshots/nfl/players/full/3051738.png
00-0034272,Marquez Valdes-Scantling,GB,2021,2,0,0,0,0,0,0,0,0,0,WR,https://a.espncdn.com/combiner/i?img=/i/headshots/nfl/players/full/3051738.png
00-0034279,Equanimeous St,GB,2021,2,0,0,0,0,0,0,0,1,0,WR,https://a.espncdn.com/combiner/i?img=/i/headshots/nfl/players/full/3932442.png
00-0034297,Byron Pringle,KC,2021,1,0,0,0,0,0,0,0,1,6,WR,https://a.espncdn.com/combiner/i?img=/i/headshots/nfl/players/full/4036416.png
00-0034297,Byron Pringle,KC,2021,2,0,0,0,0,0,0,0,2,63,WR,https://a.espncdn.com/combiner/i?img=/i/headshots/nfl/players/full/4036416.png
00-0034301,Darrel Williams,KC,2021,1,0,0,0,0,0,1,4,0,0,RB,https://a.espncdn.com/combiner/i?img=/i/headshots/nfl/players/full/3115375.png
00-0034301,Darrel Williams,KC,2021,2,0,0,0,0,0,3,-2,0,0,RB,https://a.espncdn.com/combiner/i?img=/i/headshots/nfl/players/full/3115375.png
00-0034343,Josh Rosen,ATL,2021,2,0,2,0,0,0,0,0,0,0,QB,https://a.espncdn.com/combiner/i?img=/i/headshots/nfl/players/full/3886377.png
00-0034348,Courtland Sutton,DEN,2021,1,0,0,0,0,0,0,0,1,14,WR,https://a.espncdn.com/combiner/i?img=/i/headshots/nfl/players/full/3128429.png
00-0034348,Courtland Sutton,DEN,2021,2,0,0,0,0,0,0,0,9,159,WR,https://a.espncdn.com/combiner/i?img=/i/headshots/nfl/players/full/3128429.png
00-0034351,Dallas Goedert,PHI,2021,1,0,0,0,0,0,0,0,4,42,TE,https://a.espncdn.com/combiner/i?img=/i/headshots/nfl/players/full/3121023.png
00-0034351,Dallas Goedert,PHI,2021,2,0,0,0,0,0,0,0,2,24,TE,https://a.espncdn.com/combiner/i?img=/i/headshots/nfl/players/full/3121023.png
00-0034364,Jordan Akins,HOU,2021,1,0,0,0,0,0,0,0,0,0,TE,https://a.espncdn.com/combiner/i?img=/i/headshots/nfl/players/full/3128452.png
00-0034364,Jordan Akins,HOU,2021,2,0,0,0,0,0,0,0,1,17,TE,https://a.espncdn.com/combiner/i?img=/i/headshots/nfl/players/full/3128452.png
00-0034365,Ian Thomas,CAR,2021,1,0,0,0,0,0,0,0,1,17,TE,https://a.espncdn.com/combiner/i?img=/i/headshots/nfl/players/full/4045305.png
00-0034365,Ian Thomas,CAR,2021,2,0,0,0,0,0,0,0,1,7,TE,https://a.espncdn.com/combiner/i?img=/i/headshots/nfl/players/full/4045305.png
00-0034367,Nyheim Hines,IND,2021,1,0,0,0,0,0,9,34,6,48,RB,https://a.espncdn.com/combiner/i?img=/i/headshots/nfl/players/full/3916430.png
00-0034367,Nyheim Hines,IND,2021,2,0,0,0,0,0,1,5,1,17,RB,https://a.espncdn.com/combiner/i?img=/i/headshots/nfl/players/full/3916430.png
00-0034383,Dalton Schultz,DAL,2021,1,0,0,0,0,0,0,0,6,45,TE,https://a.espncdn.com/combiner/i?img=/i/headshots/nfl/players/full/3117256.png
00-0034383,Dalton Schultz,DAL,2021,2,0,0,0,0,0,0,0,2,18,TE,https://a.espncdn.com/combiner/i?img=/i/headshots/nfl/players/full/3117256.png
00-0034411,Russell Gage,ATL,2021,1,0,0,0,0,0,0,0,1,0,WR,https://a.espncdn.com/combiner/i?img=/i/headshots/nfl/players/full/3115378.png
00-0034411,Russell Gage,ATL,2021,2,0,0,0,0,0,0,0,5,28,WR,https://a.espncdn.com/combiner/i?img=/i/headshots/nfl/players/full/3115378.png
00-0034418,Cedrick Wilson,DAL,2021,1,0,0,0,0,0,0,0,3,24,WR,https://a.espncdn.com/combiner/i?img=/i/headshots/nfl/players/full/4036335.png
00-0034418,Cedrick Wilson,DAL,2021,2,0,0,0,0,0,1,5,2,20,WR,https://a.espncdn.com/combiner/i?img=/i/headshots/nfl/players/full/4036335.png
00-0034419,Braxton Berrios,NYJ,2021,1,0,0,0,0,0,0,0,5,51,WR,https://a.espncdn.com/combiner/i?img=/i/headshots/nfl/players/full/3123075.png
00-0034419,Braxton Berrios,NYJ,2021,2,0,0,0,0,0,0,0,7,73,WR,https://a.espncdn.com/combiner/i?img=/i/headshots/nfl/players/full/3123075.png
00-0034440,Justin Jackson,LAC,2021,1,0,0,0,0,0,1,5,1,2,RB,https://a.espncdn.com/combiner/i?img=/i/headshots/nfl/players/full/3116136.png
00-0034440,Justin Jackson,LAC,2021,2,0,0,0,0,0,4,21,1,8,RB,https://a.espncdn.com/combiner/i?img=/i/headshots/nfl/players/full/3116136.png
00-0034487,Trent Sherfield,SF,2021,1,0,0,0,0,0,0,0,2,23,WR,https://a.espncdn.com/combiner/i?img=/i/headshots/nfl/players/full/3122168.png
00-0034487,Trent Sherfield,SF,2021,2,0,0,0,0,0,0,0,1,9,WR,https://a.espncdn.com/combiner/i?img=/i/headshots/nfl/players/full/3122168.png
00-0034521,Allen Lazard,GB,2021,1,0,0,0,0,0,0,0,2,16,WR,https://a.espncdn.com/combiner/i?img=/i/headshots/nfl/players/full/3128390.png
00-0034676,James Washington,PIT,2021,1,0,0,0,0,0,0,0,2,10,WR,https://a.espncdn.com/combiner/i?img=/i/headshots/nfl/players/full/3122449.png
00-0034676,James Washington,PIT,2021,2,0,0,0,0,0,0,0,0,0,WR,https://a.espncdn.com/combiner/i?img=/i/headshots/nfl/players/full/3122449.png
00-0034681,Chase Edmonds,ARI,2021,1,0,0,0,0,0,12,63,5,53,RB,https://a.espncdn.com/combiner/i?img=/i/headshots/nfl/players/full/3119195.png
00-0034681,Chase Edmonds,ARI,2021,2,0,0,0,0,0,8,46,5,29,RB,https://a.espncdn.com/combiner/i?img=/i/headshots/nfl/players/full/3119195.png
00-0034750,Rashaad Penny,SEA,2021,1,0,0,0,0,0,2,8,0,0,RB,https://a.espncdn.com/combiner/i?img=/i/headshots/nfl/players/full/3139925.png
00-0034753,Mark Andrews,BAL,2021,1,0,0,0,0,0,0,0,3,20,TE,https://a.espncdn.com/combiner/i?img=/i/headshots/nfl/players/full/3116365.png
00-0034753,Mark Andrews,BAL,2021,2,0,0,0,0,0,0,0,5,57,TE,https://a.espncdn.com/combiner/i?img=/i/headshots/nfl/players/full/3116365.png
00-0034764,Michael Gallup,DAL,2021,1,0,0,0,0,0,0,0,4,36,WR,https://a.espncdn.com/combiner/i?img=/i/headshots/nfl/players/full/4036348.png
00-0034766,Christopher Herndon,MIN,2021,1,0,0,0,0,0,0,0,0,0,TE,https://a.espncdn.com/combiner/i?img=/i/headshots/nfl/players/full/3123050.png
00-0034775,Christian Kirk,ARI,2021,1,0,0,0,0,0,0,0,5,70,WR,https://a.espncdn.com/combiner/i?img=/i/headshots/nfl/players/full/3895856.png
00-0034775,Christian Kirk,ARI,2021,2,0,0,0,0,0,0,0,3,65,WR,https://a.espncdn.com/combiner/i?img=/i/headshots/nfl/players/full/3895856.png
00-0034777,DJ Chark,JAX,2021,1,0,0,0,0,0,0,0,3,86,WR,https://a.espncdn.com/combiner/i?img=/i/headshots/nfl/players/full/3115394.png
00-0034777,DJ Chark,JAX,2021,2,0,0,0,0,0,0,0,1,19,WR,https://a.espncdn.com/combiner/i?img=/i/headshots/nfl/players/full/3115394.png
00-0034791,Nick Chubb,CLE,2021,1,0,0,0,0,0,15,83,2,18,RB,https://a.espncdn.com/combiner/i?img=/i/headshots/nfl/players/full/3128720.png
00-0034791,Nick Chubb,CLE,2021,2,0,0,0,0,0,11,95,1,3,RB,https://a.espncdn.com/combiner/i?img=/i/headshots/nfl/players/full/3128720.png
00-0034796,Lamar Jackson,BAL,2021,1,19,30,235,1,0,11,87,0,0,QB,https://a.espncdn.com/combiner/i?img=/i/headshots/nfl/players/full/3916387.png
00-0034796,Lamar Jackson,BAL,2021,2,18,25,239,1,2,15,108,0,0,QB,https://a.espncdn.com/combiner/i?img=/i/headshots/nfl/players/full/3916387.png
00-0034798,Durham Smythe,MIA,2021,1,0,0,0,0,0,0,0,1,9,TE,https://a.espncdn.com/combiner/i?img=/i/headshots/nfl/players/full/3052897.png
00-0034816,Ronald Jones,TB,2021,1,0,0,0,0,0,4,14,0,0,RB,https://a.espncdn.com/combiner/i?img=/i/headshots/nfl/players/full/3912550.png
00-0034816,Ronald Jones,TB,2021,2,0,0,0,0,0,6,27,1,9,RB,https://a.espncdn.com/combiner/i?img=/i/headshots/nfl/players/full/3912550.png
00-0034827,DJ Moore,CAR,2021,1,0,0,0,0,0,1,14,6,80,WR,https://a.espncdn.com/combiner/i?img=/i/headshots/nfl/players/full/3915416.png
00-0034827,DJ Moore,CAR,2021,2,0,0,0,0,0,0,0,8,79,WR,https://a.espncdn.com/combiner/i?img=/i/headshots/nfl/players/full/3915416.png
00-0034829,Mike Gesicki,MIA,2021,1,0,0,0,0,0,0,0,0,0,TE,https://a.espncdn.com/combiner/i?img=/i/headshots/nfl/players/full/3116164.png
00-0034829,Mike Gesicki,MIA,2021,2,0,0,0,0,0,0,0,3,41,TE,https://a.espncdn.com/combiner/i?img=/i/headshots/nfl/players/full/3116164.png
00-0034830,Hayden Hurst,ATL,2021,1,0,0,0,0,0,0,0,4,28,TE,https://a.espncdn.com/combiner/i?img=/i/headshots/nfl/players/full/3924365.png
00-0034830,Hayden Hurst,ATL,2021,2,0,0,0,0,0,0,0,1,6,TE,https://a.espncdn.com/combiner/i?img=/i/headshots/nfl/players/full/3924365.png
00-0034837,Calvin Ridley,ATL,2021,1,0,0,0,0,0,0,0,5,51,WR,https://a.espncdn.com/combiner/i?img=/i/headshots/nfl/players/full/3925357.png
00-0034837,Calvin Ridley,ATL,2021,2,0,0,0,0,0,0,0,7,63,WR,https://a.espncdn.com/combiner/i?img=/i/headshots/nfl/players/full/3925357.png
00-0034844,Saquon Barkley,NYG,2021,1,0,0,0,0,0,10,26,1,1,RB,https://a.espncdn.com/combiner/i?img=/i/headshots/nfl/players/full/3929630.png
00-0034844,Saquon Barkley,NYG,2021,2,0,0,0,0,0,13,57,2,12,RB,https://a.espncdn.com/combiner/i?img=/i/headshots/nfl/players/full/3929630.png
00-0034845,Sony Michel,LA,2021,1,0,0,0,0,0,1,2,0,0,RB,https://a.espncdn.com/combiner/i?img=/i/headshots/nfl/players/full/3128721.png
00-0034845,Sony Michel,LA,2021,2,0,0,0,0,0,10,46,0,0,RB,https://a.espncdn.com/combiner/i?img=/i/headshots/nfl/players/full/3128721.png
00-0034855,Baker Mayfield,CLE,2021,1,21,28,321,0,1,1,7,0,0,QB,https://a.espncdn.com/combiner/i?img=/i/headshots/nfl/players/full/3052587.png
00-0034855,Baker Mayfield,CLE,2021,2,19,21,213,1,1,5,13,0,0,QB,https://a.espncdn.com/combiner/i?img=/i/headshots/nfl/players/full/3052587.png
00-0034857,Josh Allen,BUF,2021,1,30,51,270,1,0,9,44,0,0,QB,https://a.espncdn.com/combiner/i?img=/i/headshots/nfl/players/full/3918298.png
00-0034857,Josh Allen,BUF,2021,2,17,33,179,2,1,5,35,0,0,QB,https://a.espncdn.com/combiner/i?img=/i/headshots/nfl/players/full/3918298.png
00-0034869,Sam Darnold,CAR,2021,1,24,34,279,1,0,2,5,0,0,QB,https://a.espncdn.com/combiner/i?img=/i/headshots/nfl/players/full/3912547.png
00-0034869,Sam Darnold,CAR,2021,2,26,38,305,2,1,1,7,0,0,QB,https://a.espncdn.com/combiner/i?img=/i/headshots/nfl/players/full/3912547.png
00-0034930,Trinity Benson,DET,2021,1,0,0,0,0,0,0,0,3,19,WR,https://a.espncdn.com/combiner/i?img=/i/headshots/nfl/players/full/4422214.png
00-0034930,Trinity Benson,DET,2021,2,0,0,0,0,0,0,0,1,24,WR,https://a.espncdn.com/combiner/i?img=/i/headshots/nfl/players/full/4422214.png
00-0034960,Jakobi Meyers,NE,2021,1,0,0,0,0,0,0,0,6,44,WR,https://a.espncdn.com/combiner/i?img=/i/headshots/nfl/players/full/3916433.png
00-0034960,Jakobi Meyers,NE,2021,2,0,0,0,0,0,0,0,4,38,WR,https://a.espncdn.com/combiner/i?img=/i/headshots/nfl/players/full/3916433.png
00-0034972,Alexander Mattison,MIN,2021,1,0,0,0,0,0,1,2,1,4,RB,https://a.espncdn.com/combiner/i?img=/i/headshots/nfl/players/full/4048244.png
00-0034972,Alexander Mattison,MIN,2021,2,0,0,0,0,0,3,11,1,17,RB,https://a.espncdn.com/combiner/i?img=/i/headshots/nfl/players/full/4048244.png
00-0034981,Foster Moreau,LV,2021,2,0,0,0,0,0,0,0,2,34,TE,https://a.espncdn.com/combiner/i?img=/i/headshots/nfl/players/full/3843945.png
00-0034983,Hunter Renfrow,LV,2021,1,0,0,0,0,0,0,0,6,70,WR,https://a.espncdn.com/combiner/i?img=/i/headshots/nfl/players/full/3135321.png
00-0034983,Hunter Renfrow,LV,2021,2,0,0,0,0,0,0,0,5,57,WR,https://a.espncdn.com/combiner/i?img=/i/headshots/nfl/players/full/3135321.png
00-0034988,Kaden Smith,NYG,2021,2,0,0,0,0,0,0,0,2,24,TE,https://a.espncdn.com/combiner/i?img=/i/headshots/nfl/players/full/4044452.png
00-0035021,Ashton Dulin,IND,2021,2,0,0,0,0,0,0,0,1,10,WR,https://a.espncdn.com/combiner/i?img=/i/headshots/nfl/players/full/4061956.png
00-0035042,Jamie Gillan,CLE,2021,1,0,0,0,0,0,1,0,0,0,P,https://a.espncdn.com/combiner/i?img=/i/headshots/nfl/players/full/3936185.png
00-0035125,Alec Ingold,LV,2021,1,0,0,0,0,0,0,0,4,22,FB,https://a.espncdn.com/combiner/i?img=/i/headshots/nfl/players/full/3917668.png
00-0035125,Alec Ingold,LV,2021,2,0,0,0,0,0,0,0,0,0,FB,https://a.espncdn.com/combiner/i?img=/i/headshots/nfl/players/full/3917668.png
00-0035140,Mecole Hardman,KC,2021,1,0,0,0,0,0,0,0,3,19,WR,https://a.espncdn.com/combiner/i?img=/i/headshots/nfl/players/full/4035004.png
00-0035140,Mecole Hardman,KC,2021,2,0,0,0,0,0,0,0,5,55,WR,https://a.espncdn.com/combiner/i?img=/i/headshots/nfl/players/full/4035004.png
00-0035208,Olamide Zaccheaus,ATL,2021,2,0,0,0,0,0,0,0,2,22,WR,https://a.espncdn.com/combiner/i?img=/i/headshots/nfl/players/full/3917914.png
00-0035215,Deonte Harris,NO,2021,1,0,0,0,0,0,0,0,2,72,WR,https://a.espncdn.com/combiner/i?img=/i/headshots/nfl/players/full/4411193.png
00-0035215,Deonte Harris,NO,2021,2,0,0,0,0,0,1,1,1,9,WR,https://a.espncdn.com/combiner/i?img=/i/headshots/nfl/players/full/4411193.png
00-0035216,Diontae Johnson,PIT,2021,1,0,0,0,0,0,0,0,5,36,WR,https://a.espncdn.com/combiner/i?img=/i/headshots/nfl/players/full/3932905.png
00-0035216,Diontae Johnson,PIT,2021,2,0,0,0,0,0,0,0,9,105,WR,https://a.espncdn.com/combiner/i?img=/i/headshots/nfl/players/full/3932905.png
00-0035217,Benny Snell,PIT,2021,2,0,0,0,0,0,2,1,0,0,RB,https://a.espncdn.com/combiner/i?img=/i/headshots/nfl/players/full/4035072.png
00-0035222,Zach Gentry,PIT,2021,1,0,0,0,0,0,0,0,1,-2,TE,https://a.espncdn.com/combiner/i?img=/i/headshots/nfl/players/full/3929924.png
00-0035228,Kyler Murray,ARI,2021,1,21,32,289,4,1,5,20,0,0,QB,https://a.espncdn.com/combiner/i?img=/i/headshots/nfl/players/full/3917315.png
00-0035228,Kyler Murray,ARI,2021,2,29,36,400,3,2,5,31,0,0,QB,https://a.espncdn.com/combiner/i?img=/i/headshots/nfl/players/full/3917315.png
00-0035229,TJ Hockenson,DET,2021,1,0,0,0,0,0,0,0,8,97,TE,https://a.espncdn.com/combiner/i?img=/i/headshots/nfl/players/full/4036133.png
00-0035229,TJ Hockenson,DET,2021,2,0,0,0,0,0,0,0,8,66,TE,https://a.espncdn.com/combiner/i?img=/i/headshots/nfl/players/full/4036133.png
00-0035243,Miles Sanders,PHI,2021,1,0,0,0,0,0,15,74,4,39,RB,https://a.espncdn.com/combiner/i?img=/i/headshots/nfl/players/full/4045163.png
00-0035243,Miles Sanders,PHI,2021,2,0,0,0,0,0,13,55,1,4,RB,https://a.espncdn.com/combiner/i?img=/i/headshots/nfl/players/full/4045163.png
00-0035249,Josh Oliver,BAL,2021,1,0,0,0,0,0,0,0,0,0,TE,https://a.espncdn.com/combiner/i?img=/i/headshots/nfl/players/full/3921690.png
00-0035249,Josh Oliver,BAL,2021,2,0,0,0,0,0,0,0,1,9,TE,https://a.espncdn.com/combiner/i?img=/i/headshots/nfl/players/full/3921690.png
00-0035250,Devin Singletary,BUF,2021,1,0,0,0,0,0,11,72,3,8,RB,https://a.espncdn.com/combiner/i?img=/i/headshots/nfl/players/full/4040761.png
00-0035250,Devin Singletary,BUF,2021,2,0,0,0,0,0,13,82,2,9,RB,https://a.espncdn.com/combiner/i?img=/i/headshots/nfl/players/full/4040761.png
00-0035261,Tony Pollard,DAL,2021,1,0,0,0,0,0,3,14,4,29,RB,https://a.espncdn.com/combiner/i?img=/i/headshots/nfl/players/full/3916148.png
00-0035261,Tony Pollard,DAL,2021,2,0,0,0,0,0,13,109,3,31,RB,https://a.espncdn.com/combiner/i?img=/i/headshots/nfl/players/full/3916148.png
00-0035311,Myles Gaskin,MIA,2021,1,0,0,0,0,0,9,49,5,27,RB,https://a.espncdn.com/combiner/i?img=/i/headshots/nfl/players/full/3886818.png
00-0035311,Myles Gaskin,MIA,2021,2,0,0,0,0,0,5,25,4,21,RB,https://a.espncdn.com/combiner/i?img=/i/headshots/nfl/players/full/3886818.png
00-0035329,Donald Parham,LAC,2021,1,0,0,0,0,0,0,0,0,0,TE,https://a.espncdn.com/combiner/i?img=/i/headshots/nfl/players/full/3912092.png
00-0035350,Preston Williams,MIA,2021,2,0,0,0,0,0,0,0,1,2,WR,https://a.espncdn.com/combiner/i?img=/i/headshots/nfl/players/full/3915399.png
00-0035406,Lil'Jordan Humphrey,NO,2021,2,0,0,0,0,0,0,0,1,27,WR,https://a.espncdn.com/combiner/i?img=/i/headshots/nfl/players/full/4039057.png
00-0035414,Jalen Guyton,LAC,2021,1,0,0,0,0,0,0,0,3,49,WR,https://a.espncdn.com/combiner/i?img=/i/headshots/nfl/players/full/3932430.png
00-0035414,Jalen Guyton,LAC,2021,2,0,0,0,0,0,1,9,2,13,WR,https://a.espncdn.com/combiner/i?img=/i/headshots/nfl/players/full/3932430.png
00-0035457,Tyron Johnson,JAX,2021,1,0,0,0,0,0,0,0,1,6,WR,https://a.espncdn.com/combiner/i?img=/i/headshots/nfl/players/full/3894912.png
00-0035457,Tyron Johnson,JAX,2021,2,0,0,0,0,0,0,0,0,0,WR,https://a.espncdn.com/combiner/i?img=/i/headshots/nfl/players/full/3894912.png
00-0035480,Malik Taylor,GB,2021,1,0,0,0,0,0,0,0,2,14,WR,https://a.espncdn.com/combiner/i?img=/i/headshots/nfl/players/full/4408988.png
00-0035510,Jeff Smith,NYJ,2021,1,0,0,0,0,0,0,0,0,0,WR,https://a.espncdn.com/combiner/i?img=/i/headshots/nfl/players/full/3929118.png
00-0035510,Jeff Smith,NYJ,2021,2,0,0,0,0,0,0,0,1,35,WR,https://a.espncdn.com/combiner/i?img=/i/headshots/nfl/players/full/3929118.png
00-0035535,Darius Slayton,NYG,2021,1,0,0,0,0,0,0,0,3,65,WR,https://a.espncdn.com/combiner/i?img=/i/headshots/nfl/players/full/3916945.png
00-0035535,Darius Slayton,NYG,2021,2,0,0,0,0,0,0,0,3,54,WR,https://a.espncdn.com/combiner/i?img=/i/headshots/nfl/players/full/3916945.png
00-0035537,Ty Johnson,NYJ,2021,1,0,0,0,0,0,4,15,1,11,RB,https://a.espncdn.com/combiner/i?img=/i/headshots/nfl/players/full/3915411.png
00-0035537,Ty Johnson,NYJ,2021,2,0,0,0,0,0,12,50,0,0,RB,https://a.espncdn.com/combiner/i?img=/i/headshots/nfl/players/full/3915411.png
00-0035547,Jody Fortson,KC,2021,2,0,0,0,0,0,0,0,1,11,TE,https://a.espncdn.com/combiner/i?img=/i/headshots/nfl/players/full/4408854.png
00-0035572,Parker Hesse,ATL,2021,2,0,0,0,0,0,0,0,0,0,TE,https://a.espncdn.com/combiner/i?img=/i/headshots/nfl/players/full/3144991.png
00-0035594,Travis Homer,SEA,2021,2,0,0,0,0,0,0,0,2,14,RB,https://a.espncdn.com/combiner/i?img=/i/headshots/nfl/players/full/4037457.png
00-0035632,Amani Hooker,TEN,2021,1,0,0,0,0,0,0,0,1,6,DB,https://a.espncdn.com/combiner/i?img=/i/headshots/nfl/players/full/4036134.png
00-0035639,Parris Campbell,IND,2021,1,0,0,0,0,0,0,0,1,24,WR,https://a.espncdn.com/combiner/i?img=/i/headshots/nfl/players/full/3121410.png
00-0035640,DK Metcalf,SEA,2021,1,0,0,0,0,0,0,0,4,60,WR,https://a.espncdn.com/combiner/i?img=/i/headshots/nfl/players/full/4047650.png
00-0035640,DK Metcalf,SEA,2021,2,0,0,0,0,0,0,0,6,53,WR,https://a.espncdn.com/combiner/i?img=/i/headshots/nfl/players/full/4047650.png
00-0035644,Noah Fant,DEN,2021,1,0,0,0,0,0,0,0,6,62,TE,https://a.espncdn.com/combiner/i?img=/i/headshots/nfl/players/full/4036131.png
00-0035644,Noah Fant,DEN,2021,2,0,0,0,0,0,0,0,4,33,TE,https://a.espncdn.com/combiner/i?img=/i/headshots/nfl/players/full/4036131.png
00-0035657,Damien Harris,NE,2021,1,0,0,0,0,0,23,100,2,17,RB,https://a.espncdn.com/combiner/i?img=/i/headshots/nfl/players/full/3925347.png
00-0035657,Damien Harris,NE,2021,2,0,0,0,0,0,16,62,1,2,RB,https://a.espncdn.com/combiner/i?img=/i/headshots/nfl/players/full/3925347.png
00-0035659,Terry McLaurin,WAS,2021,1,0,0,0,0,0,0,0,4,62,WR,https://a.espncdn.com/combiner/i?img=/i/headshots/nfl/players/full/3121422.png
00-0035659,Terry McLaurin,WAS,2021,2,0,0,0,0,0,0,0,11,107,WR,https://a.espncdn.com/combiner/i?img=/i/headshots/nfl/players/full/3121422.png
00-0035662,Marquise Brown,BAL,2021,1,0,0,0,0,0,1,5,6,69,WR,https://a.espncdn.com/combiner/i?img=/i/headshots/nfl/players/full/4241372.png
00-0035662,Marquise Brown,BAL,2021,2,0,0,0,0,0,0,0,6,113,WR,https://a.espncdn.com/combiner/i?img=/i/headshots/nfl/players/full/4241372.png
00-0035664,Darrell Henderson,LA,2021,1,0,0,0,0,0,16,70,1,17,RB,https://a.espncdn.com/combiner/i?img=/i/headshots/nfl/players/full/4039359.png
00-0035664,Darrell Henderson,LA,2021,2,0,0,0,0,0,13,53,3,29,RB,https://a.espncdn.com/combiner/i?img=/i/headshots/nfl/players/full/4039359.png
00-0035676,AJ Brown,TEN,2021,1,0,0,0,0,0,0,0,4,49,WR,https://a.espncdn.com/combiner/i?img=/i/headshots/nfl/players/full/4047646.png
00-0035676,AJ Brown,TEN,2021,2,0,0,0,0,0,0,0,3,43,WR,https://a.espncdn.com/combiner/i?img=/i/headshots/nfl/players/full/4047646.png
00-0035685,David Montgomery,CHI,2021,1,0,0,0,0,0,16,108,1,10,RB,https://a.espncdn.com/combiner/i?img=/i/headshots/nfl/players/full/4035538.png
00-0035685,David Montgomery,CHI,2021,2,0,0,0,0,0,20,61,3,18,RB,https://a.espncdn.com/combiner/i?img=/i/headshots/nfl/players/full/4035538.png
00-0035689,Dawson Knox,BUF,2021,1,0,0,0,0,0,0,0,4,41,TE,https://a.espncdn.com/combiner/i?img=/i/headshots/nfl/players/full/3930086.png
00-0035689,Dawson Knox,BUF,2021,2,0,0,0,0,0,0,0,2,17,TE,https://a.espncdn.com/combiner/i?img=/i/headshots/nfl/players/full/3930086.png
00-0035700,Josh Jacobs,LV,2021,1,0,0,0,0,0,10,34,1,6,RB,https://a.espncdn.com/combiner/i?img=/i/headshots/nfl/players/full/4047365.png
00-0035710,Daniel Jones,NYG,2021,1,22,36,267,1,0,5,28,0,0,QB,https://a.espncdn.com/combiner/i?img=/i/headshots/nfl/players/full/3917792.png
00-0035710,Daniel Jones,NYG,2021,2,22,32,249,1,0,8,96,0,0,QB,https://a.espncdn.com/combiner/i?img=/i/headshots/nfl/players/full/3917792.png
00-0035719,Deebo Samuel,SF,2021,1,0,0,0,0,0,0,0,9,189,WR,https://a.espncdn.com/combiner/i?img=/i/headshots/nfl/players/full/3126486.png
00-0035719,Deebo Samuel,SF,2021,2,0,0,0,0,0,2,8,6,93,WR,https://a.espncdn.com/combiner/i?img=/i/headshots/nfl/players/full/3126486.png
00-0035806,JaMycal Hasty,SF,2021,1,0,0,0,0,0,1,3,1,15,RB,https://a.espncdn.com/combiner/i?img=/i/headshots/nfl/players/full/3928925.png
00-0035806,JaMycal Hasty,SF,2021,2,0,0,0,0,0,5,38,4,21,RB,https://a.espncdn.com/combiner/i?img=/i/headshots/nfl/players/full/3928925.png
00-0035831,James Robinson,JAX,2021,1,0,0,0,0,0,5,25,3,29,RB,https://a.espncdn.com/combiner/i?img=/i/headshots/nfl/players/full/4052042.png
00-0035831,James Robinson,JAX,2021,2,0,0,0,0,0,11,47,3,17,RB,https://a.espncdn.com/combiner/i?img=/i/headshots/nfl/players/full/4052042.png
00-0035860,Tony Jones,NO,2021,1,0,0,0,0,0,11,50,1,3,RB,https://a.espncdn.com/combiner/i?img=/i/headshots/nfl/players/full/4046676.png
00-0035860,Tony Jones,NO,2021,2,0,0,0,0,0,3,7,0,0,RB,https://a.espncdn.com/combiner/i?img=/i/headshots/nfl/players/full/4046676.png
00-0035864,Kendall Hinton,DEN,2021,2,0,0,0,0,0,0,0,1,15,WR,https://a.espncdn.com/combiner/i?img=/i/headshots/nfl/players/full/3700815.png
00-0035908,Gabe Nabers,LAC,2021,1,0,0,0,0,0,1,2,0,0,FB,https://a.espncdn.com/combiner/i?img=/i/headshots/nfl/players/full/4035611.png
00-0036020,Salvon Ahmed,MIA,2021,1,0,0,0,0,0,3,4,2,24,RB,https://a.espncdn.com/combiner/i?img=/i/headshots/nfl/players/full/4243315.png
00-0036020,Salvon Ahmed,MIA,2021,2,0,0,0,0,0,6,17,0,0,RB,https://a.espncdn.com/combiner/i?img=/i/headshots/nfl/players/full/4243315.png
00-0036040,Juwan Johnson,NO,2021,1,0,0,0,0,0,0,0,3,21,TE,https://a.espncdn.com/combiner/i?img=/i/headshots/nfl/players/full/3929645.png
00-0036040,Juwan Johnson,NO,2021,2,0,0,0,0,0,0,0,1,23,TE,https://a.espncdn.com/combiner/i?img=/i/headshots/nfl/players/full/3929645.png
00-0036096,JJ Taylor,NE,2021,2,0,0,0,0,0,2,3,0,0,RB,https://a.espncdn.com/combiner/i?img=/i/headshots/nfl/players/full/4039607.png
00-0036173,Tommy Hudson,TEN,2021,2,0,0,0,0,0,0,0,1,14,TE,https://a.espncdn.com/combiner/i?img=/i/headshots/nfl/players/full/3675550.png
00-0036182,Nick Westbrook-Ikhine,TEN,2021,1,0,0,0,0,0,0,0,1,10,WR,https://a.espncdn.com/combiner/i?img=/i/headshots/nfl/players/full/3929785.png
00-0036182,Nick Westbrook-Ikhine,TEN,2021,2,0,0,0,0,0,0,0,1,6,WR,https://a.espncdn.com/combiner/i?img=/i/headshots/nfl/players/full/3929785.png
00-0036187,Reggie Gilliam,BUF,2021,2,0,0,0,0,0,2,2,0,0,FB,https://a.espncdn.com/combiner/i?img=/i/headshots/nfl/players/full/4039505.png
00-0036196,Gabriel Davis,BUF,2021,1,0,0,0,0,0,0,0,2,40,WR,https://a.espncdn.com/combiner/i?img=/i/headshots/nfl/players/full/4243537.png
00-0036212,Tua Tagovailoa,MIA,2021,1,16,27,202,1,1,1,3,0,0,QB,https://a.espncdn.com/combiner/i?img=/i/headshots/nfl/players/full/4241479.png
00-0036212,Tua Tagovailoa,MIA,2021,2,1,4,13,0,0,0,0,0,0,QB,https://a.espncdn.com/combiner/i?img=/i/headshots/nfl/players/full/4241479.png
00-0036219,Marquez Callaway,NO,2021,1,0,0,0,0,0,0,0,1,14,WR,https://a.espncdn.com/combiner/i?img=/i/headshots/nfl/players/full/4035170.png
00-0036219,Marquez Callaway,NO,2021,2,0,0,0,0,0,0,0,2,8,WR,https://a.espncdn.com/combiner/i?img=/i/headshots/nfl/players/full/4035170.png
00-0036223,Jonathan Taylor,IND,2021,1,0,0,0,0,0,17,56,6,60,RB,https://a.espncdn.com/combiner/i?img=/i/headshots/nfl/players/full/4242335.png
00-0036223,Jonathan Taylor,IND,2021,2,0,0,0,0,0,15,51,1,2,RB,https://a.espncdn.com/combiner/i?img=/i/headshots/nfl/players/full/4242335.png
00-0036226,Jacob Eason,IND,2021,2,2,5,15,0,1,0,0,0,0,QB,https://a.espncdn.com/combiner/i?img=/i/headshots/nfl/players/full/4035003.png
00-0036232,Harrison Bryant,CLE,2021,1,0,0,0,0,0,0,0,1,17,TE,https://a.espncdn.com/combiner/i?img=/i/headshots/nfl/players/full/4040774.png
00-0036232,Harrison Bryant,CLE,2021,2,0,0,0,0,0,0,0,4,49,TE,https://a.espncdn.com/combiner/i?img=/i/headshots/nfl/players/full/4040774.png
00-0036233,Donovan Peoples-Jones,CLE,2021,1,0,0,0,0,0,0,0,1,4,WR,https://a.espncdn.com/combiner/i?img=/i/headshots/nfl/players/full/4258195.png
00-0036233,Donovan Peoples-Jones,CLE,2021,2,0,0,0,0,0,0,0,1,14,WR,https://a.espncdn.com/combiner/i?img=/i/headshots/nfl/players/full/4258195.png
00-0036247,Freddie Swain,SEA,2021,1,0,0,0,0,0,1,5,0,0,WR,https://a.espncdn.com/combiner/i?img=/i/headshots/nfl/players/full/4034950.png
00-0036247,Freddie Swain,SEA,2021,2,0,0,0,0,0,1,5,5,95,WR,https://a.espncdn.com/combiner/i?img=/i/headshots/nfl/players/full/4034950.png
00-0036251,Zack Moss,BUF,2021,2,0,0,0,0,0,8,26,2,8,RB,https://a.espncdn.com/combiner/i?img=/i/headshots/nfl/players/full/4035676.png
00-0036252,Michael Pittman,IND,2021,1,0,0,0,0,0,0,0,3,29,WR,https://a.espncdn.com/combiner/i?img=/i/headshots/nfl/players/full/4035687.png
00-0036252,Michael Pittman,IND,2021,2,0,0,0,0,0,0,0,8,123,WR,https://a.espncdn.com/combiner/i?img=/i/headshots/nfl/players/full/4035687.png
00-0036255,Denzel Mims,NYJ,2021,1,0,0,0,0,0,0,0,1,40,WR,https://a.espncdn.com/combiner/i?img=/i/headshots/nfl/players/full/4035403.png
00-0036259,Jauan Jennings,SF,2021,2,0,0,0,0,0,0,0,2,17,WR,https://a.espncdn.com/combiner/i?img=/i/headshots/nfl/players/full/3886598.png
00-0036261,Brandon Aiyuk,SF,2021,2,0,0,0,0,0,0,0,1,6,WR,https://a.espncdn.com/combiner/i?img=/i/headshots/nfl/players/full/4360438.png
00-0036264,Jordan Love,GB,2021,1,5,7,68,0,0,0,0,0,0,QB,https://a.espncdn.com/combiner/i?img=/i/headshots/nfl/players/full/4036378.png
00-0036265,AJ Dillon,GB,2021,1,0,0,0,0,0,4,19,1,7,RB,https://a.espncdn.com/combiner/i?img=/i/headshots/nfl/players/full/4239934.png
00-0036265,AJ Dillon,GB,2021,2,0,0,0,0,0,5,18,1,8,RB,https://a.espncdn.com/combiner/i?img=/i/headshots/nfl/players/full/4239934.png
00-0036268,Laviska Shenault,JAX,2021,1,0,0,0,0,0,1,9,7,50,WR,https://a.espncdn.com/combiner/i?img=/i/headshots/nfl/players/full/4243160.png
00-0036268,Laviska Shenault,JAX,2021,2,0,0,0,0,0,1,0,2,-3,WR,https://a.espncdn.com/combiner/i?img=/i/headshots/nfl/players/full/4243160.png
00-0036271,Quez Watkins,PHI,2021,1,0,0,0,0,0,0,0,3,23,WR,https://a.espncdn.com/combiner/i?img=/i/headshots/nfl/players/full/4050373.png
00-0036271,Quez Watkins,PHI,2021,2,0,0,0,0,0,0,0,2,117,WR,https://a.espncdn.com/combiner/i?img=/i/headshots/nfl/players/full/4050373.png
00-0036275,D'Andre Swift,DET,2021,1,0,0,0,0,0,11,39,8,65,RB,https://a.espncdn.com/combiner/i?img=/i/headshots/nfl/players/full/4259545.png
00-0036275,D'Andre Swift,DET,2021,2,0,0,0,0,0,8,37,4,41,RB,https://a.espncdn.com/combiner/i?img=/i/headshots/nfl/players/full/4259545.png
00-0036277,Quintez Cephus,DET,2021,1,0,0,0,0,0,0,0,3,12,WR,https://a.espncdn.com/combiner/i?img=/i/headshots/nfl/players/full/4035793.png
00-0036277,Quintez Cephus,DET,2021,2,0,0,0,0,0,0,0,4,63,WR,https://a.espncdn.com/combiner/i?img=/i/headshots/nfl/players/full/4035793.png
00-0036290,Cole Kmet,CHI,2021,1,0,0,0,0,0,0,0,5,42,TE,https://a.espncdn.com/combiner/i?img=/i/headshots/nfl/players/full/4258595.png
00-0036290,Cole Kmet,CHI,2021,2,0,0,0,0,0,0,0,1,0,TE,https://a.espncdn.com/combiner/i?img=/i/headshots/nfl/players/full/4258595.png
00-0036309,Darnell Mooney,CHI,2021,1,0,0,0,0,0,0,0,5,26,WR,https://a.espncdn.com/combiner/i?img=/i/headshots/nfl/players/full/4040655.png
00-0036309,Darnell Mooney,CHI,2021,2,0,0,0,0,0,0,0,6,66,WR,https://a.espncdn.com/combiner/i?img=/i/headshots/nfl/players/full/4040655.png
00-0036322,Justin Jefferson,MIN,2021,1,1,1,11,0,0,0,0,5,71,WR,https://a.espncdn.com/combiner/i?img=/i/headshots/nfl/players/full/4262921.png
00-0036322,Justin Jefferson,MIN,2021,2,0,0,0,0,0,0,0,6,65,WR,https://a.espncdn.com/combiner/i?img=/i/headshots/nfl/players/full/4262921.png
00-0036326,Chase Claypool,PIT,2021,1,0,0,0,0,0,1,25,3,45,WR,https://a.espncdn.com/combiner/i?img=/i/headshots/nfl/players/full/4046692.png
00-0036326,Chase Claypool,PIT,2021,2,0,0,0,0,0,1,-3,3,70,WR,https://a.espncdn.com/combiner/i?img=/i/headshots/nfl/players/full/4046692.png
00-0036328,Antonio Gibson,WAS,2021,1,0,0,0,0,0,20,90,3,18,RB,https://a.espncdn.com/combiner/i?img=/i/headshots/nfl/players/full/4360294.png
00-0036328,Antonio Gibson,WAS,2021,2,0,0,0,0,0,13,69,2,4,RB,https://a.espncdn.com/combiner/i?img=/i/headshots/nfl/players/full/4360294.png
00-0036331,Devin Duvernay,BAL,2021,1,0,0,0,0,0,0,0,1,6,WR,https://a.espncdn.com/combiner/i?img=/i/headshots/nfl/players/full/4039050.png
00-0036345,KJ Osborn,MIN,2021,1,0,0,0,0,0,0,0,7,76,WR,https://a.espncdn.com/combiner/i?img=/i/headshots/nfl/players/full/3916566.png
00-0036345,KJ Osborn,MIN,2021,2,0,0,0,0,0,0,0,5,91,WR,https://a.espncdn.com/combiner/i?img=/i/headshots/nfl/players/full/3916566.png
00-0036355,Justin Herbert,LAC,2021,1,31,47,337,1,1,1,2,0,0,QB,https://a.espncdn.com/combiner/i?img=/i/headshots/nfl/players/full/4038941.png
00-0036355,Justin Herbert,LAC,2021,2,31,41,338,1,2,4,12,0,0,QB,https://a.espncdn.com/combiner/i?img=/i/headshots/nfl/players/full/4038941.png
00-0036357,Henry Ruggs,LV,2021,1,0,0,0,0,0,0,0,2,46,WR,https://a.espncdn.com/combiner/i?img=/i/headshots/nfl/players/full/4241475.png
00-0036357,Henry Ruggs,LV,2021,2,0,0,0,0,0,1,2,5,113,WR,https://a.espncdn.com/combiner/i?img=/i/headshots/nfl/players/full/4241475.png
00-0036358,CeeDee Lamb,DAL,2021,1,0,0,0,0,0,0,0,7,104,WR,https://a.espncdn.com/combiner/i?img=/i/headshots/nfl/players/full/4241389.png
00-0036358,CeeDee Lamb,DAL,2021,2,0,0,0,0,0,1,13,8,81,WR,https://a.espncdn.com/combiner/i?img=/i/headshots/nfl/players/full/4241389.png
00-0036360,Clyde Edwards-Helaire,KC,2021,1,0,0,0,0,0,14,43,3,29,RB,https://a.espncdn.com/combiner/i?img=/i/headshots/nfl/players/full/4242214.png
00-0036360,Clyde Edwards-Helaire,KC,2021,2,0,0,0,0,0,13,46,0,0,RB,https://a.espncdn.com/combiner/i?img=/i/headshots/nfl/players/full/4242214.png
00-0036365,Bryan Edwards,LV,2021,1,0,0,0,0,0,0,0,4,81,WR,https://a.espncdn.com/combiner/i?img=/i/headshots/nfl/players/full/4038818.png
00-0036365,Bryan Edwards,LV,2021,2,0,0,0,0,0,0,0,3,40,WR,https://a.espncdn.com/combiner/i?img=/i/headshots/nfl/players/full/4038818.png
00-0036382,KJ Hill,LAC,2021,1,0,0,0,0,0,0,0,3,30,WR,https://a.espncdn.com/combiner/i?img=/i/headshots/nfl/players/full/3915522.png
00-0036387,Jalen Reagor,PHI,2021,1,0,0,0,0,0,0,0,6,49,WR,https://a.espncdn.com/combiner/i?img=/i/headshots/nfl/players/full/4241802.png
00-0036387,Jalen Reagor,PHI,2021,2,0,0,0,0,0,0,0,2,5,WR,https://a.espncdn.com/combiner/i?img=/i/headshots/nfl/players/full/4241802.png
00-0036389,Jalen Hurts,PHI,2021,1,27,34,264,3,0,6,53,0,0,QB,https://a.espncdn.com/combiner/i?img=/i/headshots/nfl/players/full/4040715.png
00-0036389,Jalen Hurts,PHI,2021,2,12,23,190,0,0,9,83,0,0,QB,https://a.espncdn.com/combiner/i?img=/i/headshots/nfl/players/full/4040715.png
00-0036407,Jerry Jeudy,DEN,2021,1,0,0,0,0,0,0,0,6,72,WR,https://a.espncdn.com/combiner/i?img=/i/headshots/nfl/players/full/4241463.png
00-0036410,Tee Higgins,CIN,2021,1,0,0,0,0,0,0,0,4,58,WR,https://a.espncdn.com/combiner/i?img=/i/headshots/nfl/players/full/4239993.png
00-0036410,Tee Higgins,CIN,2021,2,0,0,0,0,0,0,0,6,60,WR,https://a.espncdn.com/combiner/i?img=/i/headshots/nfl/players/full/4239993.png
00-0036412,KJ Hamler,DEN,2021,1,0,0,0,0,0,0,0,3,41,WR,https://a.espncdn.com/combiner/i?img=/i/headshots/nfl/players/full/4240380.png
00-0036412,KJ Hamler,DEN,2021,2,0,0,0,0,0,0,0,1,5,WR,https://a.espncdn.com/combiner/i?img=/i/headshots/nfl/players/full/4240380.png
00-0036415,Van Jefferson,LA,2021,1,0,0,0,0,0,0,0,2,80,WR,https://a.espncdn.com/combiner/i?img=/i/headshots/nfl/players/full/3930066.png
00-0036415,Van Jefferson,LA,2021,2,0,0,0,0,0,0,0,1,14,WR,https://a.espncdn.com/combiner/i?img=/i/headshots/nfl/players/full/3930066.png
00-0036422,Adam Trautman,NO,2021,1,0,0,0,0,0,0,0,3,18,TE,https://a.espncdn.com/combiner/i?img=/i/headshots/nfl/players/full/3911853.png
00-0036423,Albert Okwuegbunam,DEN,2021,1,0,0,0,0,0,0,0,3,16,TE,https://a.espncdn.com/combiner/i?img=/i/headshots/nfl/players/full/4035115.png
00-0036423,Albert Okwuegbunam,DEN,2021,2,0,0,0,0,0,0,0,4,24,TE,https://a.espncdn.com/combiner/i?img=/i/headshots/nfl/players/full/4035115.png
00-0036425,DeeJay Dallas,SEA,2021,1,0,0,0,0,0,1,5,1,5,RB,https://a.espncdn.com/combiner/i?img=/i/headshots/nfl/players/full/4240631.png
00-0036427,Tyler Johnson,TB,2021,1,0,0,0,0,0,0,0,0,0,WR,https://a.espncdn.com/combiner/i?img=/i/headshots/nfl/players/full/2310331.png
00-0036427,Tyler Johnson,TB,2021,2,0,0,0,0,0,0,0,1,5,WR,https://a.espncdn.com/combiner/i?img=/i/headshots/nfl/players/full/2310331.png
00-0036442,Joe Burrow,CIN,2021,1,20,26,261,2,0,1,2,0,0,QB,https://a.espncdn.com/combiner/i?img=/i/headshots/nfl/players/full/3915511.png
00-0036442,Joe Burrow,CIN,2021,2,19,30,207,2,3,0,0,0,0,QB,https://a.espncdn.com/combiner/i?img=/i/headshots/nfl/players/full/3915511.png
00-0036457,Ty'Son Williams,BAL,2021,1,0,0,0,0,0,9,65,3,29,RB,NA
00-0036457,Ty'Son Williams,BAL,2021,2,0,0,0,0,0,13,77,2,16,RB,NA
00-0036482,Mike Strachan,IND,2021,1,0,0,0,0,0,0,0,2,26,WR,NA
00-0036482,Mike Strachan,IND,2021,2,0,0,0,0,0,0,0,0,0,WR,NA
00-0036554,Nico Collins,HOU,2021,1,0,0,0,0,0,0,0,1,7,WR,NA
00-0036554,Nico Collins,HOU,2021,2,0,0,0,0,0,0,0,1,32,WR,NA
00-0036555,Chuba Hubbard,CAR,2021,1,0,0,0,0,0,0,0,2,4,RB,NA
00-0036555,Chuba Hubbard,CAR,2021,2,0,0,0,0,0,8,10,0,0,RB,NA
00-0036567,Elijah Mitchell,SF,2021,1,0,0,0,0,0,19,104,0,0,RB,NA
00-0036567,Elijah Mitchell,SF,2021,2,0,0,0,0,0,17,42,2,11,RB,NA
00-0036569,Gary Brightwell,NYG,2021,1,0,0,0,0,0,0,0,1,6,RB,NA
00-0036613,Jaylen Waddle,MIA,2021,1,0,0,0,0,0,0,0,4,61,WR,NA
00-0036613,Jaylen Waddle,MIA,2021,2,0,0,0,0,0,0,0,6,48,WR,NA
00-0036620,D'Wayne Eskridge,SEA,2021,1,0,0,0,0,0,2,22,1,6,WR,NA
00-0036626,Dyami Brown,WAS,2021,1,0,0,0,0,0,0,0,1,-2,WR,NA
00-0036626,Dyami Brown,WAS,2021,2,0,0,0,0,0,0,0,3,34,WR,NA
00-0036650,Larry Rountree,LAC,2021,1,0,0,0,0,0,8,27,0,0,RB,NA
00-0036650,Larry Rountree,LAC,2021,2,0,0,0,0,0,1,-1,1,-1,RB,NA
00-0036654,Demetric Felton,CLE,2021,2,0,0,0,0,0,0,0,2,51,RB,NA
00-0036669,Kylin Hill,GB,2021,1,0,0,0,0,0,5,14,0,0,RB,NA
00-0036669,Kylin Hill,GB,2021,2,0,0,0,0,0,2,8,0,0,RB,NA
00-0036698,Mekhi Sargent,TEN,2021,1,0,0,0,0,0,1,2,0,0,RB,NA
00-0036755,Jaret Patterson,WAS,2021,1,0,0,0,0,0,2,9,0,0,RB,NA
00-0036857,Chris Evans,CIN,2021,2,0,0,0,0,0,0,0,1,14,RB,NA
00-0036875,Rhamondre Stevenson,NE,2021,1,0,0,0,0,0,1,2,1,9,RB,NA
00-0036887,Luke Farrell,JAX,2021,2,0,0,0,0,0,0,0,1,6,TE,NA
00-0036893,Najee Harris,PIT,2021,1,0,0,0,0,0,16,45,1,4,RB,NA
00-0036893,Najee Harris,PIT,2021,2,0,0,0,0,0,10,38,5,43,RB,NA
00-0036894,Pat Freiermuth,PIT,2021,1,0,0,0,0,0,0,0,1,24,TE,NA
00-0036894,Pat Freiermuth,PIT,2021,2,0,0,0,0,0,0,0,4,36,TE,NA
00-0036898,Davis Mills,HOU,2021,2,8,18,102,1,1,2,-1,0,0,QB,NA
00-0036900,Ja'Marr Chase,CIN,2021,1,0,0,0,0,0,1,-2,5,101,WR,NA
00-0036900,Ja'Marr Chase,CIN,2021,2,0,0,0,0,0,0,0,2,54,WR,NA
00-0036912,DeVonta Smith,PHI,2021,1,0,0,0,0,0,0,0,6,71,WR,NA
00-0036912,DeVonta Smith,PHI,2021,2,0,0,0,0,0,0,0,2,16,WR,NA
00-0036913,Kadarius Toney,NYG,2021,1,0,0,0,0,0,0,0,2,-2,WR,NA
00-0036919,Kenneth Gainwell,PHI,2021,1,0,0,0,0,0,9,37,2,6,RB,NA
00-0036919,Kenneth Gainwell,PHI,2021,2,0,0,0,0,0,6,14,2,18,RB,NA
00-0036924,Michael Carter,NYJ,2021,1,0,0,0,0,0,4,6,1,14,RB,NA
00-0036924,Michael Carter,NYJ,2021,2,0,0,0,0,0,11,59,2,29,RB,NA
00-0036936,Rondale Moore,ARI,2021,1,0,0,0,0,0,0,0,4,68,WR,NA
00-0036936,Rondale Moore,ARI,2021,2,0,0,0,0,0,0,0,7,114,WR,NA
00-0036945,Justin Fields,CHI,2021,1,2,2,10,0,0,1,3,0,0,QB,NA
00-0036945,Justin Fields,CHI,2021,2,6,13,60,0,1,7,35,0,0,QB,NA
00-0036955,Terrace Marshall,CAR,2021,1,0,0,0,0,0,0,0,3,26,WR,NA
00-0036955,Terrace Marshall,CAR,2021,2,0,0,0,0,0,0,0,3,17,WR,NA
00-0036963,Amon-Ra St,DET,2021,1,0,0,0,0,0,0,0,2,23,WR,NA
00-0036963,Amon-Ra St,DET,2021,2,0,0,0,0,0,0,0,3,18,WR,NA
00-0036970,Kyle Pitts,ATL,2021,1,0,0,0,0,0,0,0,4,31,TE,NA
00-0036970,Kyle Pitts,ATL,2021,2,0,0,0,0,0,0,0,5,73,TE,NA
00-0036971,Trevor Lawrence,JAX,2021,1,28,51,332,3,3,0,0,0,0,QB,NA
00-0036971,Trevor Lawrence,JAX,2021,2,14,33,118,1,2,2,21,0,0,QB,NA
00-0036972,Mac Jones,NE,2021,1,29,39,281,1,0,0,0,0,0,QB,NA
00-0036972,Mac Jones,NE,2021,2,22,30,186,0,0,0,0,0,0,QB,NA
00-0036980,Elijah Moore,NYJ,2021,1,0,0,0,0,0,0,0,1,-3,WR,NA
00-0036980,Elijah Moore,NYJ,2021,2,0,0,0,0,0,0,0,4,47,WR,NA
00-0036984,Trey Sermon,SF,2021,2,0,0,0,0,0,1,8,0,0,RB,NA
00-0036988,Josh Palmer,LAC,2021,1,0,0,0,0,0,0,0,1,17,WR,NA
00-0036988,Josh Palmer,LAC,2021,2,0,0,0,0,0,0,0,2,21,WR,NA
00-0036991,Amari Rodgers,GB,2021,1,0,0,0,0,0,0,0,1,19,WR,NA
00-0036997,Javonte Williams,DEN,2021,1,0,0,0,0,0,14,45,1,-4,RB,NA
00-0036997,Javonte Williams,DEN,2021,2,0,0,0,0,0,13,64,1,10,RB,NA
00-0036999,Anthony Schwartz,CLE,2021,1,0,0,0,0,0,1,17,3,69,WR,NA
00-0036999,Anthony Schwartz,CLE,2021,2,0,0,0,0,0,0,0,0,0,WR,NA
00-0037012,Trey Lance,SF,2021,1,1,1,5,1,0,3,2,0,0,QB,NA
00-0037013,Zach Wilson,NYJ,2021,1,20,37,258,2,1,0,0,0,0,QB,NA
00-0037013,Zach Wilson,NYJ,2021,2,19,33,210,0,4,2,20,0,0,QB,NA
